<?xml version="1.0" encoding="UTF-8"?>
<gpx version="1.1" creator="bmw6er-roadbook" xmlns="http://www.topografix.com/GPX/1/1">
<metadata><name>BMW 6er Club Ausfahrt 03.10.2026</name></metadata>
<trk><name>Etappe 1 Bad Kissingen–Meiningen</name><trkseg>
<trkpt lat="50.201065" lon="10.074044"/>
<trkpt lat="50.201039" lon="10.073980"/>
<trkpt lat="50.200969" lon="10.073824"/>
<trkpt lat="50.200803" lon="10.073413"/>
<trkpt lat="50.200048" lon="10.074156"/>
<trkpt lat="50.199880" lon="10.074317"/>
<trkpt lat="50.199395" lon="10.074794"/>
<trkpt lat="50.198920" lon="10.075267"/>
<trkpt lat="50.198720" lon="10.075467"/>
<trkpt lat="50.198632" lon="10.075554"/>
<trkpt lat="50.198515" lon="10.075117"/>
<trkpt lat="50.198431" lon="10.074795"/>
<trkpt lat="50.198285" lon="10.074231"/>
<trkpt lat="50.198169" lon="10.073788"/>
<trkpt lat="50.198154" lon="10.073723"/>
<trkpt lat="50.197836" lon="10.072527"/>
<trkpt lat="50.197817" lon="10.072471"/>
<trkpt lat="50.197793" lon="10.072380"/>
<trkpt lat="50.197780" lon="10.072291"/>
<trkpt lat="50.197903" lon="10.072264"/>
<trkpt lat="50.197938" lon="10.072255"/>
<trkpt lat="50.198156" lon="10.072205"/>
<trkpt lat="50.198411" lon="10.072148"/>
<trkpt lat="50.198595" lon="10.072107"/>
<trkpt lat="50.198672" lon="10.072094"/>
<trkpt lat="50.199163" lon="10.071995"/>
<trkpt lat="50.199265" lon="10.071982"/>
<trkpt lat="50.199985" lon="10.071855"/>
<trkpt lat="50.200176" lon="10.071822"/>
<trkpt lat="50.200357" lon="10.071779"/>
<trkpt lat="50.200528" lon="10.071704"/>
<trkpt lat="50.200798" lon="10.071556"/>
<trkpt lat="50.201230" lon="10.071267"/>
<trkpt lat="50.202226" lon="10.070603"/>
<trkpt lat="50.202466" lon="10.070452"/>
<trkpt lat="50.202779" lon="10.070254"/>
<trkpt lat="50.203211" lon="10.069981"/>
<trkpt lat="50.203395" lon="10.069856"/>
<trkpt lat="50.204137" lon="10.069382"/>
<trkpt lat="50.204571" lon="10.069102"/>
<trkpt lat="50.204813" lon="10.068922"/>
<trkpt lat="50.205060" lon="10.068744"/>
<trkpt lat="50.205524" lon="10.068444"/>
<trkpt lat="50.205880" lon="10.068207"/>
<trkpt lat="50.206094" lon="10.068076"/>
<trkpt lat="50.206303" lon="10.067982"/>
<trkpt lat="50.206483" lon="10.067925"/>
<trkpt lat="50.206842" lon="10.067780"/>
<trkpt lat="50.208292" lon="10.067497"/>
<trkpt lat="50.208912" lon="10.067345"/>
<trkpt lat="50.208917" lon="10.067345"/>
<trkpt lat="50.209938" lon="10.067049"/>
<trkpt lat="50.210174" lon="10.066953"/>
<trkpt lat="50.210701" lon="10.066647"/>
<trkpt lat="50.211189" lon="10.066346"/>
<trkpt lat="50.211477" lon="10.066234"/>
<trkpt lat="50.211719" lon="10.066172"/>
<trkpt lat="50.211833" lon="10.066153"/>
<trkpt lat="50.212486" lon="10.066138"/>
<trkpt lat="50.212939" lon="10.066128"/>
<trkpt lat="50.215002" lon="10.066115"/>
<trkpt lat="50.215829" lon="10.066015"/>
<trkpt lat="50.215915" lon="10.066006"/>
<trkpt lat="50.217050" lon="10.065880"/>
<trkpt lat="50.217286" lon="10.065858"/>
<trkpt lat="50.217486" lon="10.065894"/>
<trkpt lat="50.217586" lon="10.065924"/>
<trkpt lat="50.217670" lon="10.065949"/>
<trkpt lat="50.217803" lon="10.066018"/>
<trkpt lat="50.217755" lon="10.066152"/>
<trkpt lat="50.217718" lon="10.066300"/>
<trkpt lat="50.217663" lon="10.066642"/>
<trkpt lat="50.217655" lon="10.066911"/>
<trkpt lat="50.217666" lon="10.067207"/>
<trkpt lat="50.217693" lon="10.067446"/>
<trkpt lat="50.217712" lon="10.067595"/>
<trkpt lat="50.218019" lon="10.069265"/>
<trkpt lat="50.218128" lon="10.069841"/>
<trkpt lat="50.218207" lon="10.070201"/>
<trkpt lat="50.218294" lon="10.070550"/>
<trkpt lat="50.218490" lon="10.071141"/>
<trkpt lat="50.218189" lon="10.071408"/>
<trkpt lat="50.218104" lon="10.071484"/>
<trkpt lat="50.217923" lon="10.071611"/>
<trkpt lat="50.217870" lon="10.071651"/>
<trkpt lat="50.217824" lon="10.071687"/>
<trkpt lat="50.217655" lon="10.071798"/>
<trkpt lat="50.217614" lon="10.071853"/>
<trkpt lat="50.217319" lon="10.072024"/>
<trkpt lat="50.217022" lon="10.072196"/>
<trkpt lat="50.216684" lon="10.072313"/>
<trkpt lat="50.216314" lon="10.072390"/>
<trkpt lat="50.216121" lon="10.072415"/>
<trkpt lat="50.215846" lon="10.072511"/>
<trkpt lat="50.215600" lon="10.072527"/>
<trkpt lat="50.215323" lon="10.072551"/>
<trkpt lat="50.215191" lon="10.072562"/>
<trkpt lat="50.214893" lon="10.072590"/>
<trkpt lat="50.214682" lon="10.072632"/>
<trkpt lat="50.214501" lon="10.072686"/>
<trkpt lat="50.214376" lon="10.072724"/>
<trkpt lat="50.214275" lon="10.072756"/>
<trkpt lat="50.214019" lon="10.072890"/>
<trkpt lat="50.213793" lon="10.073044"/>
<trkpt lat="50.213425" lon="10.073308"/>
<trkpt lat="50.213096" lon="10.073528"/>
<trkpt lat="50.212804" lon="10.073677"/>
<trkpt lat="50.212527" lon="10.073754"/>
<trkpt lat="50.211716" lon="10.073637"/>
<trkpt lat="50.211058" lon="10.073541"/>
<trkpt lat="50.210751" lon="10.073538"/>
<trkpt lat="50.210470" lon="10.073595"/>
<trkpt lat="50.209761" lon="10.073981"/>
<trkpt lat="50.209135" lon="10.074342"/>
<trkpt lat="50.208950" lon="10.074440"/>
<trkpt lat="50.208813" lon="10.074520"/>
<trkpt lat="50.208582" lon="10.074656"/>
<trkpt lat="50.207542" lon="10.075267"/>
<trkpt lat="50.207397" lon="10.075364"/>
<trkpt lat="50.207179" lon="10.075560"/>
<trkpt lat="50.207061" lon="10.075699"/>
<trkpt lat="50.206933" lon="10.075890"/>
<trkpt lat="50.206789" lon="10.076180"/>
<trkpt lat="50.206527" lon="10.076970"/>
<trkpt lat="50.206256" lon="10.077845"/>
<trkpt lat="50.205937" lon="10.078865"/>
<trkpt lat="50.205682" lon="10.079708"/>
<trkpt lat="50.205590" lon="10.080003"/>
<trkpt lat="50.205413" lon="10.080614"/>
<trkpt lat="50.205347" lon="10.080891"/>
<trkpt lat="50.205274" lon="10.081194"/>
<trkpt lat="50.205224" lon="10.081539"/>
<trkpt lat="50.205186" lon="10.081853"/>
<trkpt lat="50.205146" lon="10.082441"/>
<trkpt lat="50.205128" lon="10.082727"/>
<trkpt lat="50.205122" lon="10.082927"/>
<trkpt lat="50.205113" lon="10.083463"/>
<trkpt lat="50.205104" lon="10.083948"/>
<trkpt lat="50.205096" lon="10.084464"/>
<trkpt lat="50.205027" lon="10.085375"/>
<trkpt lat="50.204923" lon="10.086185"/>
<trkpt lat="50.204841" lon="10.086612"/>
<trkpt lat="50.204734" lon="10.086998"/>
<trkpt lat="50.204663" lon="10.087219"/>
<trkpt lat="50.204569" lon="10.087468"/>
<trkpt lat="50.204490" lon="10.087630"/>
<trkpt lat="50.204264" lon="10.088076"/>
<trkpt lat="50.203950" lon="10.088556"/>
<trkpt lat="50.203752" lon="10.088766"/>
<trkpt lat="50.203659" lon="10.088860"/>
<trkpt lat="50.203555" lon="10.088961"/>
<trkpt lat="50.203460" lon="10.089042"/>
<trkpt lat="50.203413" lon="10.089030"/>
<trkpt lat="50.203120" lon="10.089211"/>
<trkpt lat="50.203083" lon="10.089231"/>
<trkpt lat="50.202971" lon="10.089281"/>
<trkpt lat="50.202912" lon="10.089306"/>
<trkpt lat="50.202949" lon="10.089418"/>
<trkpt lat="50.203169" lon="10.090036"/>
<trkpt lat="50.203260" lon="10.090285"/>
<trkpt lat="50.203294" lon="10.090296"/>
<trkpt lat="50.203325" lon="10.090381"/>
<trkpt lat="50.203541" lon="10.090982"/>
<trkpt lat="50.203549" lon="10.091005"/>
<trkpt lat="50.203599" lon="10.091137"/>
<trkpt lat="50.203730" lon="10.091481"/>
<trkpt lat="50.203829" lon="10.091794"/>
<trkpt lat="50.204332" lon="10.093358"/>
<trkpt lat="50.204969" lon="10.094763"/>
<trkpt lat="50.205012" lon="10.094845"/>
<trkpt lat="50.205174" lon="10.095281"/>
<trkpt lat="50.205286" lon="10.095644"/>
<trkpt lat="50.205359" lon="10.095942"/>
<trkpt lat="50.205447" lon="10.096327"/>
<trkpt lat="50.205553" lon="10.096861"/>
<trkpt lat="50.205668" lon="10.097398"/>
<trkpt lat="50.205778" lon="10.097877"/>
<trkpt lat="50.205853" lon="10.098178"/>
<trkpt lat="50.206005" lon="10.098784"/>
<trkpt lat="50.206038" lon="10.098911"/>
<trkpt lat="50.206073" lon="10.099047"/>
<trkpt lat="50.206169" lon="10.099376"/>
<trkpt lat="50.206306" lon="10.099869"/>
<trkpt lat="50.206349" lon="10.100023"/>
<trkpt lat="50.206403" lon="10.100181"/>
<trkpt lat="50.206729" lon="10.101150"/>
<trkpt lat="50.206773" lon="10.101242"/>
<trkpt lat="50.206892" lon="10.101490"/>
<trkpt lat="50.206963" lon="10.101579"/>
<trkpt lat="50.207204" lon="10.101881"/>
<trkpt lat="50.207674" lon="10.102260"/>
<trkpt lat="50.208092" lon="10.102594"/>
<trkpt lat="50.208429" lon="10.102765"/>
<trkpt lat="50.209084" lon="10.103099"/>
<trkpt lat="50.210147" lon="10.103630"/>
<trkpt lat="50.210455" lon="10.103785"/>
<trkpt lat="50.210739" lon="10.103921"/>
<trkpt lat="50.210913" lon="10.103996"/>
<trkpt lat="50.211258" lon="10.104112"/>
<trkpt lat="50.211406" lon="10.104142"/>
<trkpt lat="50.211596" lon="10.104160"/>
<trkpt lat="50.212125" lon="10.104186"/>
<trkpt lat="50.212680" lon="10.104137"/>
<trkpt lat="50.213186" lon="10.104165"/>
<trkpt lat="50.213578" lon="10.104275"/>
<trkpt lat="50.213888" lon="10.104438"/>
<trkpt lat="50.214311" lon="10.104738"/>
<trkpt lat="50.214653" lon="10.105106"/>
<trkpt lat="50.215155" lon="10.105884"/>
<trkpt lat="50.215259" lon="10.106047"/>
<trkpt lat="50.215356" lon="10.106210"/>
<trkpt lat="50.215386" lon="10.106256"/>
<trkpt lat="50.215903" lon="10.107039"/>
<trkpt lat="50.216275" lon="10.107624"/>
<trkpt lat="50.216425" lon="10.107926"/>
<trkpt lat="50.216464" lon="10.108122"/>
<trkpt lat="50.216483" lon="10.108320"/>
<trkpt lat="50.216458" lon="10.108551"/>
<trkpt lat="50.216384" lon="10.108775"/>
<trkpt lat="50.216205" lon="10.109221"/>
<trkpt lat="50.215756" lon="10.111220"/>
<trkpt lat="50.215633" lon="10.111404"/>
<trkpt lat="50.215520" lon="10.111491"/>
<trkpt lat="50.215407" lon="10.111516"/>
<trkpt lat="50.215304" lon="10.111504"/>
<trkpt lat="50.215204" lon="10.111446"/>
<trkpt lat="50.215018" lon="10.111311"/>
<trkpt lat="50.214939" lon="10.111264"/>
<trkpt lat="50.214842" lon="10.111244"/>
<trkpt lat="50.214778" lon="10.111241"/>
<trkpt lat="50.214697" lon="10.111291"/>
<trkpt lat="50.214646" lon="10.111347"/>
<trkpt lat="50.214456" lon="10.111869"/>
<trkpt lat="50.214161" lon="10.112662"/>
<trkpt lat="50.214128" lon="10.112768"/>
<trkpt lat="50.214104" lon="10.112875"/>
<trkpt lat="50.214095" lon="10.112940"/>
<trkpt lat="50.214094" lon="10.113049"/>
<trkpt lat="50.214104" lon="10.113133"/>
<trkpt lat="50.214130" lon="10.113219"/>
<trkpt lat="50.214171" lon="10.113293"/>
<trkpt lat="50.214215" lon="10.113339"/>
<trkpt lat="50.214270" lon="10.113381"/>
<trkpt lat="50.214315" lon="10.113398"/>
<trkpt lat="50.214365" lon="10.113399"/>
<trkpt lat="50.214415" lon="10.113393"/>
<trkpt lat="50.214470" lon="10.113379"/>
<trkpt lat="50.214621" lon="10.113317"/>
<trkpt lat="50.214698" lon="10.113288"/>
<trkpt lat="50.214778" lon="10.113271"/>
<trkpt lat="50.214876" lon="10.113261"/>
<trkpt lat="50.214980" lon="10.113275"/>
<trkpt lat="50.215058" lon="10.113297"/>
<trkpt lat="50.215133" lon="10.113335"/>
<trkpt lat="50.215186" lon="10.113366"/>
<trkpt lat="50.215242" lon="10.113406"/>
<trkpt lat="50.215310" lon="10.113471"/>
<trkpt lat="50.215370" lon="10.113543"/>
<trkpt lat="50.215468" lon="10.113682"/>
<trkpt lat="50.215551" lon="10.113827"/>
<trkpt lat="50.215719" lon="10.114181"/>
<trkpt lat="50.215892" lon="10.114520"/>
<trkpt lat="50.216061" lon="10.114790"/>
<trkpt lat="50.216248" lon="10.115039"/>
<trkpt lat="50.216450" lon="10.115257"/>
<trkpt lat="50.216849" lon="10.115642"/>
<trkpt lat="50.217123" lon="10.115903"/>
<trkpt lat="50.217392" lon="10.116215"/>
<trkpt lat="50.217577" lon="10.116428"/>
<trkpt lat="50.217627" lon="10.116483"/>
<trkpt lat="50.217677" lon="10.116539"/>
<trkpt lat="50.218201" lon="10.117222"/>
<trkpt lat="50.218619" lon="10.117818"/>
<trkpt lat="50.218708" lon="10.117923"/>
<trkpt lat="50.218778" lon="10.117992"/>
<trkpt lat="50.218940" lon="10.118158"/>
<trkpt lat="50.219144" lon="10.118315"/>
<trkpt lat="50.219584" lon="10.118701"/>
<trkpt lat="50.219796" lon="10.118984"/>
<trkpt lat="50.219944" lon="10.119312"/>
<trkpt lat="50.220054" lon="10.119618"/>
<trkpt lat="50.220160" lon="10.119948"/>
<trkpt lat="50.220303" lon="10.120340"/>
<trkpt lat="50.220419" lon="10.120628"/>
<trkpt lat="50.220771" lon="10.121588"/>
<trkpt lat="50.220795" lon="10.121655"/>
<trkpt lat="50.220867" lon="10.121934"/>
<trkpt lat="50.220905" lon="10.122229"/>
<trkpt lat="50.220946" lon="10.122564"/>
<trkpt lat="50.221013" lon="10.123112"/>
<trkpt lat="50.221029" lon="10.123373"/>
<trkpt lat="50.221035" lon="10.123565"/>
<trkpt lat="50.221035" lon="10.123742"/>
<trkpt lat="50.221022" lon="10.123905"/>
<trkpt lat="50.220992" lon="10.124302"/>
<trkpt lat="50.220988" lon="10.124372"/>
<trkpt lat="50.220974" lon="10.124588"/>
<trkpt lat="50.220963" lon="10.124702"/>
<trkpt lat="50.220956" lon="10.124881"/>
<trkpt lat="50.220969" lon="10.125297"/>
<trkpt lat="50.220994" lon="10.125598"/>
<trkpt lat="50.221030" lon="10.126118"/>
<trkpt lat="50.221047" lon="10.126297"/>
<trkpt lat="50.221071" lon="10.126481"/>
<trkpt lat="50.221111" lon="10.126716"/>
<trkpt lat="50.221163" lon="10.126941"/>
<trkpt lat="50.221223" lon="10.127150"/>
<trkpt lat="50.221283" lon="10.127494"/>
<trkpt lat="50.221360" lon="10.127937"/>
<trkpt lat="50.221404" lon="10.128147"/>
<trkpt lat="50.221441" lon="10.128255"/>
<trkpt lat="50.221629" lon="10.128617"/>
<trkpt lat="50.221714" lon="10.128762"/>
<trkpt lat="50.222164" lon="10.129393"/>
<trkpt lat="50.222360" lon="10.129770"/>
<trkpt lat="50.222543" lon="10.130164"/>
<trkpt lat="50.222814" lon="10.130932"/>
<trkpt lat="50.222908" lon="10.131197"/>
<trkpt lat="50.223022" lon="10.131556"/>
<trkpt lat="50.223354" lon="10.132653"/>
<trkpt lat="50.223387" lon="10.132785"/>
<trkpt lat="50.223576" lon="10.133407"/>
<trkpt lat="50.223921" lon="10.134565"/>
<trkpt lat="50.224352" lon="10.135950"/>
<trkpt lat="50.224786" lon="10.137237"/>
<trkpt lat="50.225334" lon="10.138628"/>
<trkpt lat="50.225832" lon="10.139811"/>
<trkpt lat="50.226066" lon="10.140671"/>
<trkpt lat="50.226142" lon="10.141252"/>
<trkpt lat="50.226161" lon="10.141713"/>
<trkpt lat="50.226090" lon="10.142476"/>
<trkpt lat="50.225889" lon="10.143340"/>
<trkpt lat="50.225554" lon="10.144082"/>
<trkpt lat="50.225188" lon="10.144731"/>
<trkpt lat="50.225000" lon="10.145032"/>
<trkpt lat="50.224340" lon="10.146097"/>
<trkpt lat="50.224281" lon="10.146192"/>
<trkpt lat="50.224208" lon="10.146311"/>
<trkpt lat="50.224065" lon="10.146578"/>
<trkpt lat="50.223883" lon="10.147050"/>
<trkpt lat="50.223788" lon="10.147363"/>
<trkpt lat="50.223713" lon="10.147697"/>
<trkpt lat="50.223613" lon="10.148294"/>
<trkpt lat="50.223568" lon="10.148783"/>
<trkpt lat="50.223557" lon="10.149112"/>
<trkpt lat="50.223556" lon="10.149439"/>
<trkpt lat="50.223579" lon="10.149783"/>
<trkpt lat="50.223618" lon="10.150107"/>
<trkpt lat="50.223683" lon="10.150443"/>
<trkpt lat="50.223790" lon="10.150819"/>
<trkpt lat="50.223923" lon="10.151194"/>
<trkpt lat="50.224077" lon="10.151547"/>
<trkpt lat="50.224246" lon="10.151886"/>
<trkpt lat="50.224757" lon="10.152736"/>
<trkpt lat="50.224841" lon="10.152908"/>
<trkpt lat="50.224908" lon="10.153093"/>
<trkpt lat="50.224969" lon="10.153299"/>
<trkpt lat="50.225016" lon="10.153504"/>
<trkpt lat="50.225086" lon="10.153898"/>
<trkpt lat="50.225098" lon="10.154125"/>
<trkpt lat="50.225100" lon="10.154315"/>
<trkpt lat="50.225092" lon="10.154670"/>
<trkpt lat="50.225044" lon="10.155031"/>
<trkpt lat="50.224827" lon="10.155811"/>
<trkpt lat="50.224731" lon="10.156239"/>
<trkpt lat="50.224687" lon="10.156630"/>
<trkpt lat="50.224677" lon="10.156954"/>
<trkpt lat="50.224694" lon="10.157268"/>
<trkpt lat="50.224733" lon="10.157525"/>
<trkpt lat="50.224825" lon="10.157882"/>
<trkpt lat="50.224899" lon="10.158146"/>
<trkpt lat="50.224953" lon="10.158368"/>
<trkpt lat="50.225005" lon="10.158600"/>
<trkpt lat="50.225046" lon="10.158863"/>
<trkpt lat="50.225073" lon="10.159141"/>
<trkpt lat="50.225077" lon="10.159376"/>
<trkpt lat="50.225074" lon="10.159571"/>
<trkpt lat="50.225060" lon="10.159784"/>
<trkpt lat="50.225042" lon="10.159957"/>
<trkpt lat="50.225019" lon="10.160162"/>
<trkpt lat="50.224979" lon="10.160376"/>
<trkpt lat="50.224879" lon="10.160783"/>
<trkpt lat="50.224660" lon="10.161605"/>
<trkpt lat="50.224576" lon="10.161988"/>
<trkpt lat="50.224554" lon="10.162095"/>
<trkpt lat="50.224450" lon="10.162717"/>
<trkpt lat="50.224414" lon="10.162891"/>
<trkpt lat="50.224373" lon="10.163091"/>
<trkpt lat="50.224468" lon="10.163149"/>
<trkpt lat="50.224775" lon="10.163335"/>
<trkpt lat="50.225171" lon="10.163621"/>
<trkpt lat="50.225251" lon="10.163682"/>
<trkpt lat="50.225304" lon="10.163720"/>
<trkpt lat="50.225356" lon="10.163749"/>
<trkpt lat="50.227019" lon="10.164904"/>
<trkpt lat="50.228596" lon="10.165972"/>
<trkpt lat="50.230600" lon="10.167712"/>
<trkpt lat="50.231751" lon="10.168750"/>
<trkpt lat="50.232313" lon="10.169235"/>
<trkpt lat="50.232445" lon="10.169351"/>
<trkpt lat="50.232510" lon="10.169418"/>
<trkpt lat="50.232636" lon="10.169569"/>
<trkpt lat="50.233094" lon="10.170025"/>
<trkpt lat="50.233222" lon="10.170144"/>
<trkpt lat="50.233298" lon="10.170224"/>
<trkpt lat="50.233495" lon="10.170419"/>
<trkpt lat="50.234017" lon="10.170949"/>
<trkpt lat="50.234568" lon="10.171611"/>
<trkpt lat="50.235038" lon="10.172258"/>
<trkpt lat="50.235561" lon="10.173057"/>
<trkpt lat="50.235865" lon="10.173532"/>
<trkpt lat="50.236057" lon="10.173904"/>
<trkpt lat="50.236202" lon="10.174186"/>
<trkpt lat="50.236356" lon="10.174518"/>
<trkpt lat="50.236454" lon="10.174793"/>
<trkpt lat="50.236484" lon="10.174900"/>
<trkpt lat="50.236540" lon="10.175114"/>
<trkpt lat="50.236579" lon="10.175290"/>
<trkpt lat="50.236633" lon="10.175655"/>
<trkpt lat="50.236652" lon="10.175918"/>
<trkpt lat="50.236661" lon="10.176200"/>
<trkpt lat="50.236665" lon="10.176627"/>
<trkpt lat="50.236658" lon="10.177137"/>
<trkpt lat="50.236626" lon="10.177675"/>
<trkpt lat="50.236576" lon="10.178237"/>
<trkpt lat="50.236554" lon="10.178569"/>
<trkpt lat="50.236536" lon="10.178908"/>
<trkpt lat="50.236523" lon="10.179481"/>
<trkpt lat="50.236505" lon="10.180245"/>
<trkpt lat="50.236517" lon="10.180783"/>
<trkpt lat="50.236532" lon="10.181343"/>
<trkpt lat="50.236542" lon="10.181722"/>
<trkpt lat="50.236528" lon="10.181931"/>
<trkpt lat="50.236502" lon="10.182164"/>
<trkpt lat="50.236454" lon="10.182447"/>
<trkpt lat="50.236420" lon="10.182586"/>
<trkpt lat="50.236376" lon="10.182722"/>
<trkpt lat="50.236243" lon="10.183038"/>
<trkpt lat="50.236097" lon="10.183367"/>
<trkpt lat="50.235997" lon="10.183633"/>
<trkpt lat="50.235971" lon="10.183848"/>
<trkpt lat="50.235973" lon="10.184079"/>
<trkpt lat="50.235992" lon="10.184256"/>
<trkpt lat="50.236046" lon="10.184456"/>
<trkpt lat="50.236140" lon="10.184731"/>
<trkpt lat="50.236208" lon="10.184895"/>
<trkpt lat="50.236331" lon="10.185160"/>
<trkpt lat="50.236452" lon="10.185395"/>
<trkpt lat="50.236665" lon="10.185734"/>
<trkpt lat="50.236848" lon="10.186042"/>
<trkpt lat="50.237009" lon="10.186280"/>
<trkpt lat="50.237177" lon="10.186494"/>
<trkpt lat="50.237360" lon="10.186665"/>
<trkpt lat="50.237550" lon="10.186788"/>
<trkpt lat="50.237654" lon="10.186860"/>
<trkpt lat="50.237779" lon="10.186909"/>
<trkpt lat="50.237943" lon="10.186942"/>
<trkpt lat="50.238173" lon="10.186962"/>
<trkpt lat="50.238371" lon="10.186957"/>
<trkpt lat="50.238599" lon="10.186955"/>
<trkpt lat="50.238792" lon="10.186877"/>
<trkpt lat="50.238897" lon="10.186804"/>
<trkpt lat="50.238973" lon="10.186734"/>
<trkpt lat="50.239094" lon="10.186560"/>
<trkpt lat="50.239217" lon="10.186380"/>
<trkpt lat="50.239298" lon="10.186263"/>
<trkpt lat="50.239411" lon="10.186166"/>
<trkpt lat="50.239507" lon="10.186122"/>
<trkpt lat="50.239599" lon="10.186116"/>
<trkpt lat="50.239704" lon="10.186123"/>
<trkpt lat="50.239802" lon="10.186155"/>
<trkpt lat="50.239894" lon="10.186230"/>
<trkpt lat="50.239968" lon="10.186316"/>
<trkpt lat="50.240033" lon="10.186419"/>
<trkpt lat="50.240121" lon="10.186609"/>
<trkpt lat="50.240164" lon="10.186802"/>
<trkpt lat="50.240684" lon="10.188871"/>
<trkpt lat="50.240881" lon="10.189578"/>
<trkpt lat="50.241112" lon="10.190292"/>
<trkpt lat="50.241308" lon="10.190810"/>
<trkpt lat="50.241446" lon="10.191120"/>
<trkpt lat="50.241594" lon="10.191333"/>
<trkpt lat="50.241717" lon="10.191512"/>
<trkpt lat="50.241835" lon="10.191626"/>
<trkpt lat="50.242024" lon="10.191783"/>
<trkpt lat="50.242209" lon="10.191894"/>
<trkpt lat="50.242804" lon="10.192266"/>
<trkpt lat="50.243022" lon="10.192365"/>
<trkpt lat="50.243240" lon="10.192448"/>
<trkpt lat="50.243398" lon="10.192494"/>
<trkpt lat="50.243586" lon="10.192559"/>
<trkpt lat="50.243717" lon="10.192605"/>
<trkpt lat="50.243888" lon="10.192674"/>
<trkpt lat="50.244079" lon="10.192803"/>
<trkpt lat="50.244220" lon="10.192962"/>
<trkpt lat="50.244300" lon="10.193073"/>
<trkpt lat="50.244328" lon="10.193111"/>
<trkpt lat="50.244351" lon="10.193142"/>
<trkpt lat="50.244446" lon="10.193269"/>
<trkpt lat="50.244497" lon="10.193321"/>
<trkpt lat="50.244532" lon="10.193352"/>
<trkpt lat="50.244623" lon="10.193419"/>
<trkpt lat="50.244721" lon="10.193479"/>
<trkpt lat="50.244785" lon="10.193500"/>
<trkpt lat="50.244853" lon="10.193503"/>
<trkpt lat="50.244945" lon="10.193500"/>
<trkpt lat="50.245052" lon="10.193478"/>
<trkpt lat="50.245296" lon="10.193423"/>
<trkpt lat="50.245601" lon="10.193318"/>
<trkpt lat="50.245800" lon="10.193242"/>
<trkpt lat="50.245975" lon="10.193168"/>
<trkpt lat="50.246131" lon="10.193199"/>
<trkpt lat="50.246257" lon="10.193210"/>
<trkpt lat="50.246366" lon="10.193296"/>
<trkpt lat="50.246414" lon="10.193375"/>
<trkpt lat="50.246468" lon="10.193463"/>
<trkpt lat="50.246515" lon="10.193529"/>
<trkpt lat="50.246550" lon="10.193579"/>
<trkpt lat="50.246603" lon="10.193662"/>
<trkpt lat="50.246779" lon="10.193858"/>
<trkpt lat="50.247293" lon="10.194014"/>
<trkpt lat="50.247863" lon="10.194186"/>
<trkpt lat="50.247969" lon="10.194238"/>
<trkpt lat="50.248142" lon="10.194307"/>
<trkpt lat="50.248473" lon="10.194350"/>
<trkpt lat="50.248706" lon="10.194371"/>
<trkpt lat="50.248789" lon="10.194387"/>
<trkpt lat="50.249076" lon="10.194475"/>
<trkpt lat="50.249178" lon="10.194549"/>
<trkpt lat="50.249282" lon="10.194620"/>
<trkpt lat="50.249397" lon="10.194707"/>
<trkpt lat="50.249586" lon="10.194770"/>
<trkpt lat="50.249889" lon="10.194871"/>
<trkpt lat="50.250417" lon="10.195248"/>
<trkpt lat="50.250874" lon="10.195572"/>
<trkpt lat="50.251219" lon="10.195836"/>
<trkpt lat="50.251355" lon="10.195940"/>
<trkpt lat="50.251401" lon="10.195982"/>
<trkpt lat="50.251502" lon="10.196057"/>
<trkpt lat="50.251972" lon="10.196299"/>
<trkpt lat="50.252163" lon="10.196390"/>
<trkpt lat="50.252262" lon="10.196439"/>
<trkpt lat="50.252299" lon="10.196455"/>
<trkpt lat="50.252438" lon="10.196507"/>
<trkpt lat="50.252550" lon="10.196548"/>
<trkpt lat="50.252723" lon="10.196612"/>
<trkpt lat="50.252900" lon="10.196677"/>
<trkpt lat="50.253270" lon="10.196826"/>
<trkpt lat="50.253298" lon="10.196837"/>
<trkpt lat="50.253474" lon="10.196908"/>
<trkpt lat="50.253781" lon="10.197018"/>
<trkpt lat="50.254060" lon="10.197132"/>
<trkpt lat="50.255564" lon="10.197763"/>
<trkpt lat="50.256329" lon="10.198034"/>
<trkpt lat="50.256653" lon="10.198081"/>
<trkpt lat="50.256971" lon="10.198094"/>
<trkpt lat="50.257445" lon="10.198030"/>
<trkpt lat="50.257798" lon="10.197922"/>
<trkpt lat="50.257994" lon="10.197844"/>
<trkpt lat="50.258203" lon="10.197738"/>
<trkpt lat="50.258613" lon="10.197514"/>
<trkpt lat="50.259208" lon="10.197154"/>
<trkpt lat="50.259806" lon="10.196756"/>
<trkpt lat="50.260391" lon="10.196297"/>
<trkpt lat="50.260890" lon="10.195873"/>
<trkpt lat="50.261344" lon="10.195487"/>
<trkpt lat="50.262259" lon="10.194710"/>
<trkpt lat="50.262761" lon="10.194342"/>
<trkpt lat="50.263032" lon="10.194166"/>
<trkpt lat="50.263296" lon="10.194031"/>
<trkpt lat="50.263578" lon="10.193907"/>
<trkpt lat="50.263647" lon="10.193886"/>
<trkpt lat="50.263866" lon="10.193819"/>
<trkpt lat="50.264088" lon="10.193778"/>
<trkpt lat="50.264423" lon="10.193751"/>
<trkpt lat="50.264750" lon="10.193762"/>
<trkpt lat="50.265030" lon="10.193810"/>
<trkpt lat="50.265310" lon="10.193883"/>
<trkpt lat="50.265690" lon="10.194018"/>
<trkpt lat="50.265921" lon="10.194113"/>
<trkpt lat="50.266152" lon="10.194212"/>
<trkpt lat="50.266631" lon="10.194409"/>
<trkpt lat="50.266662" lon="10.194421"/>
<trkpt lat="50.266851" lon="10.194496"/>
<trkpt lat="50.267062" lon="10.194566"/>
<trkpt lat="50.267204" lon="10.194600"/>
<trkpt lat="50.267535" lon="10.194671"/>
<trkpt lat="50.267920" lon="10.194696"/>
<trkpt lat="50.268254" lon="10.194689"/>
<trkpt lat="50.268820" lon="10.194612"/>
<trkpt lat="50.269436" lon="10.194414"/>
<trkpt lat="50.269821" lon="10.194232"/>
<trkpt lat="50.270113" lon="10.194065"/>
<trkpt lat="50.270278" lon="10.193942"/>
<trkpt lat="50.270360" lon="10.193877"/>
<trkpt lat="50.270594" lon="10.193690"/>
<trkpt lat="50.270769" lon="10.193535"/>
<trkpt lat="50.271060" lon="10.193260"/>
<trkpt lat="50.271260" lon="10.193044"/>
<trkpt lat="50.271483" lon="10.192816"/>
<trkpt lat="50.271770" lon="10.192497"/>
<trkpt lat="50.272203" lon="10.191994"/>
<trkpt lat="50.272773" lon="10.191317"/>
<trkpt lat="50.273264" lon="10.190747"/>
<trkpt lat="50.273611" lon="10.190388"/>
<trkpt lat="50.273967" lon="10.190044"/>
<trkpt lat="50.274359" lon="10.189702"/>
<trkpt lat="50.274830" lon="10.189334"/>
<trkpt lat="50.275282" lon="10.189030"/>
<trkpt lat="50.275694" lon="10.188769"/>
<trkpt lat="50.276110" lon="10.188552"/>
<trkpt lat="50.276934" lon="10.188131"/>
<trkpt lat="50.277149" lon="10.188034"/>
<trkpt lat="50.277360" lon="10.187960"/>
<trkpt lat="50.277886" lon="10.187841"/>
<trkpt lat="50.278539" lon="10.187726"/>
<trkpt lat="50.278905" lon="10.187634"/>
<trkpt lat="50.279156" lon="10.187536"/>
<trkpt lat="50.279399" lon="10.187415"/>
<trkpt lat="50.279734" lon="10.187200"/>
<trkpt lat="50.280097" lon="10.186887"/>
<trkpt lat="50.280572" lon="10.186412"/>
<trkpt lat="50.280825" lon="10.186184"/>
<trkpt lat="50.281074" lon="10.185996"/>
<trkpt lat="50.281320" lon="10.185845"/>
<trkpt lat="50.281640" lon="10.185708"/>
<trkpt lat="50.281800" lon="10.185654"/>
<trkpt lat="50.281966" lon="10.185612"/>
<trkpt lat="50.282153" lon="10.185572"/>
<trkpt lat="50.282365" lon="10.185539"/>
<trkpt lat="50.282946" lon="10.185575"/>
<trkpt lat="50.284452" lon="10.185787"/>
<trkpt lat="50.285356" lon="10.185920"/>
<trkpt lat="50.285862" lon="10.186029"/>
<trkpt lat="50.286258" lon="10.186119"/>
<trkpt lat="50.286451" lon="10.186164"/>
<trkpt lat="50.287325" lon="10.186417"/>
<trkpt lat="50.287736" lon="10.186537"/>
<trkpt lat="50.288454" lon="10.186727"/>
<trkpt lat="50.288889" lon="10.186816"/>
<trkpt lat="50.289171" lon="10.186823"/>
<trkpt lat="50.289437" lon="10.186817"/>
<trkpt lat="50.289744" lon="10.186794"/>
<trkpt lat="50.290449" lon="10.186727"/>
<trkpt lat="50.290987" lon="10.186692"/>
<trkpt lat="50.291279" lon="10.186703"/>
<trkpt lat="50.291582" lon="10.186744"/>
<trkpt lat="50.291782" lon="10.186789"/>
<trkpt lat="50.292222" lon="10.186931"/>
<trkpt lat="50.292474" lon="10.187048"/>
<trkpt lat="50.292775" lon="10.187212"/>
<trkpt lat="50.293131" lon="10.187453"/>
<trkpt lat="50.293473" lon="10.187703"/>
<trkpt lat="50.294024" lon="10.188105"/>
<trkpt lat="50.294728" lon="10.188617"/>
<trkpt lat="50.295582" lon="10.189281"/>
<trkpt lat="50.295767" lon="10.189422"/>
<trkpt lat="50.296555" lon="10.189999"/>
<trkpt lat="50.296935" lon="10.190277"/>
<trkpt lat="50.298184" lon="10.191193"/>
<trkpt lat="50.300856" lon="10.193173"/>
<trkpt lat="50.300988" lon="10.193270"/>
<trkpt lat="50.304289" lon="10.195752"/>
<trkpt lat="50.304967" lon="10.196233"/>
<trkpt lat="50.305185" lon="10.196345"/>
<trkpt lat="50.305443" lon="10.196462"/>
<trkpt lat="50.305626" lon="10.196525"/>
<trkpt lat="50.305726" lon="10.196555"/>
<trkpt lat="50.305898" lon="10.196599"/>
<trkpt lat="50.306141" lon="10.196625"/>
<trkpt lat="50.306380" lon="10.196621"/>
<trkpt lat="50.306691" lon="10.196569"/>
<trkpt lat="50.306896" lon="10.196536"/>
<trkpt lat="50.307131" lon="10.196464"/>
<trkpt lat="50.307369" lon="10.196343"/>
<trkpt lat="50.307744" lon="10.196133"/>
<trkpt lat="50.307990" lon="10.195930"/>
<trkpt lat="50.308229" lon="10.195713"/>
<trkpt lat="50.308547" lon="10.195368"/>
<trkpt lat="50.308585" lon="10.195323"/>
<trkpt lat="50.308957" lon="10.194811"/>
<trkpt lat="50.309287" lon="10.194319"/>
<trkpt lat="50.309610" lon="10.193845"/>
<trkpt lat="50.309973" lon="10.193410"/>
<trkpt lat="50.310355" lon="10.193044"/>
<trkpt lat="50.310728" lon="10.192754"/>
<trkpt lat="50.310839" lon="10.192684"/>
<trkpt lat="50.311139" lon="10.192520"/>
<trkpt lat="50.311441" lon="10.192388"/>
<trkpt lat="50.311657" lon="10.192321"/>
<trkpt lat="50.311872" lon="10.192273"/>
<trkpt lat="50.312188" lon="10.192237"/>
<trkpt lat="50.312514" lon="10.192222"/>
<trkpt lat="50.312776" lon="10.192258"/>
<trkpt lat="50.312928" lon="10.192298"/>
<trkpt lat="50.313167" lon="10.192369"/>
<trkpt lat="50.313349" lon="10.192436"/>
<trkpt lat="50.313654" lon="10.192576"/>
<trkpt lat="50.313881" lon="10.192750"/>
<trkpt lat="50.313986" lon="10.192838"/>
<trkpt lat="50.316306" lon="10.195091"/>
<trkpt lat="50.316296" lon="10.195114"/>
<trkpt lat="50.316285" lon="10.195160"/>
<trkpt lat="50.316280" lon="10.195209"/>
<trkpt lat="50.316282" lon="10.195258"/>
<trkpt lat="50.316290" lon="10.195306"/>
<trkpt lat="50.316305" lon="10.195350"/>
<trkpt lat="50.316325" lon="10.195388"/>
<trkpt lat="50.316349" lon="10.195419"/>
<trkpt lat="50.316377" lon="10.195441"/>
<trkpt lat="50.316408" lon="10.195453"/>
<trkpt lat="50.316439" lon="10.195455"/>
<trkpt lat="50.316470" lon="10.195447"/>
<trkpt lat="50.316500" lon="10.195429"/>
<trkpt lat="50.316526" lon="10.195402"/>
<trkpt lat="50.316548" lon="10.195367"/>
<trkpt lat="50.316554" lon="10.195352"/>
<trkpt lat="50.316642" lon="10.195448"/>
<trkpt lat="50.317131" lon="10.196002"/>
<trkpt lat="50.317361" lon="10.196365"/>
<trkpt lat="50.317608" lon="10.196864"/>
<trkpt lat="50.317740" lon="10.197220"/>
<trkpt lat="50.317978" lon="10.197951"/>
<trkpt lat="50.318418" lon="10.199320"/>
<trkpt lat="50.318428" lon="10.199356"/>
<trkpt lat="50.318506" lon="10.199595"/>
<trkpt lat="50.318574" lon="10.199840"/>
<trkpt lat="50.318589" lon="10.199891"/>
<trkpt lat="50.318643" lon="10.200082"/>
<trkpt lat="50.318707" lon="10.200349"/>
<trkpt lat="50.318764" lon="10.200632"/>
<trkpt lat="50.318811" lon="10.200938"/>
<trkpt lat="50.318860" lon="10.201294"/>
<trkpt lat="50.318895" lon="10.201588"/>
<trkpt lat="50.318990" lon="10.202341"/>
<trkpt lat="50.319004" lon="10.202457"/>
<trkpt lat="50.319187" lon="10.203984"/>
<trkpt lat="50.319249" lon="10.204351"/>
<trkpt lat="50.319298" lon="10.204590"/>
<trkpt lat="50.319408" lon="10.205070"/>
<trkpt lat="50.319420" lon="10.205122"/>
<trkpt lat="50.319477" lon="10.205371"/>
<trkpt lat="50.319659" lon="10.206040"/>
<trkpt lat="50.319665" lon="10.206063"/>
<trkpt lat="50.319752" lon="10.206371"/>
<trkpt lat="50.319959" lon="10.207100"/>
<trkpt lat="50.320172" lon="10.207790"/>
<trkpt lat="50.320343" lon="10.208457"/>
<trkpt lat="50.320454" lon="10.208882"/>
<trkpt lat="50.320472" lon="10.208934"/>
<trkpt lat="50.320583" lon="10.209332"/>
<trkpt lat="50.320660" lon="10.209664"/>
<trkpt lat="50.320670" lon="10.209795"/>
<trkpt lat="50.320673" lon="10.209901"/>
<trkpt lat="50.320670" lon="10.210027"/>
<trkpt lat="50.320629" lon="10.210517"/>
<trkpt lat="50.320624" lon="10.210608"/>
<trkpt lat="50.320619" lon="10.210716"/>
<trkpt lat="50.320619" lon="10.210818"/>
<trkpt lat="50.320631" lon="10.210924"/>
<trkpt lat="50.320649" lon="10.211018"/>
<trkpt lat="50.320752" lon="10.211425"/>
<trkpt lat="50.320779" lon="10.211570"/>
<trkpt lat="50.320798" lon="10.211717"/>
<trkpt lat="50.320809" lon="10.211866"/>
<trkpt lat="50.320812" lon="10.212016"/>
<trkpt lat="50.320812" lon="10.212038"/>
<trkpt lat="50.320807" lon="10.212166"/>
<trkpt lat="50.320794" lon="10.212315"/>
<trkpt lat="50.320778" lon="10.212430"/>
<trkpt lat="50.320745" lon="10.212623"/>
<trkpt lat="50.320691" lon="10.212871"/>
<trkpt lat="50.320647" lon="10.213069"/>
<trkpt lat="50.320642" lon="10.213090"/>
<trkpt lat="50.320599" lon="10.213289"/>
<trkpt lat="50.320571" lon="10.213439"/>
<trkpt lat="50.320532" lon="10.213668"/>
<trkpt lat="50.320516" lon="10.213837"/>
<trkpt lat="50.320501" lon="10.214032"/>
<trkpt lat="50.320494" lon="10.214229"/>
<trkpt lat="50.320495" lon="10.214427"/>
<trkpt lat="50.320503" lon="10.214623"/>
<trkpt lat="50.320518" lon="10.214819"/>
<trkpt lat="50.320547" lon="10.215055"/>
<trkpt lat="50.320581" lon="10.215290"/>
<trkpt lat="50.320622" lon="10.215522"/>
<trkpt lat="50.320642" lon="10.215661"/>
<trkpt lat="50.320676" lon="10.215916"/>
<trkpt lat="50.320702" lon="10.216150"/>
<trkpt lat="50.320704" lon="10.216173"/>
<trkpt lat="50.320727" lon="10.216431"/>
<trkpt lat="50.320744" lon="10.216691"/>
<trkpt lat="50.320752" lon="10.216831"/>
<trkpt lat="50.320759" lon="10.216926"/>
<trkpt lat="50.320772" lon="10.217075"/>
<trkpt lat="50.320801" lon="10.217315"/>
<trkpt lat="50.320839" lon="10.217553"/>
<trkpt lat="50.320886" lon="10.217787"/>
<trkpt lat="50.320942" lon="10.218016"/>
<trkpt lat="50.321005" lon="10.218230"/>
<trkpt lat="50.321063" lon="10.218400"/>
<trkpt lat="50.321137" lon="10.218588"/>
<trkpt lat="50.321316" lon="10.219027"/>
<trkpt lat="50.321465" lon="10.219362"/>
<trkpt lat="50.321642" lon="10.219711"/>
<trkpt lat="50.321775" lon="10.219946"/>
<trkpt lat="50.321916" lon="10.220138"/>
<trkpt lat="50.322103" lon="10.220353"/>
<trkpt lat="50.322241" lon="10.220493"/>
<trkpt lat="50.322281" lon="10.220533"/>
<trkpt lat="50.322553" lon="10.220735"/>
<trkpt lat="50.322768" lon="10.220860"/>
<trkpt lat="50.323127" lon="10.221003"/>
<trkpt lat="50.323402" lon="10.221067"/>
<trkpt lat="50.323744" lon="10.221146"/>
<trkpt lat="50.324329" lon="10.221182"/>
<trkpt lat="50.324414" lon="10.221184"/>
<trkpt lat="50.324562" lon="10.221175"/>
<trkpt lat="50.324750" lon="10.221164"/>
<trkpt lat="50.324917" lon="10.221157"/>
<trkpt lat="50.325519" lon="10.221079"/>
<trkpt lat="50.325731" lon="10.221029"/>
<trkpt lat="50.325901" lon="10.220977"/>
<trkpt lat="50.326118" lon="10.220912"/>
<trkpt lat="50.326274" lon="10.220876"/>
<trkpt lat="50.326484" lon="10.220828"/>
<trkpt lat="50.326610" lon="10.220796"/>
<trkpt lat="50.326847" lon="10.220725"/>
<trkpt lat="50.327200" lon="10.220620"/>
<trkpt lat="50.327365" lon="10.220579"/>
<trkpt lat="50.327477" lon="10.220547"/>
<trkpt lat="50.327597" lon="10.220518"/>
<trkpt lat="50.327755" lon="10.220471"/>
<trkpt lat="50.327886" lon="10.220435"/>
<trkpt lat="50.328008" lon="10.220402"/>
<trkpt lat="50.328480" lon="10.220276"/>
<trkpt lat="50.328581" lon="10.220242"/>
<trkpt lat="50.329114" lon="10.220101"/>
<trkpt lat="50.329425" lon="10.220014"/>
<trkpt lat="50.329566" lon="10.219974"/>
<trkpt lat="50.329743" lon="10.219926"/>
<trkpt lat="50.329794" lon="10.219912"/>
<trkpt lat="50.330014" lon="10.219824"/>
<trkpt lat="50.330247" lon="10.219851"/>
<trkpt lat="50.330327" lon="10.219865"/>
<trkpt lat="50.330380" lon="10.219883"/>
<trkpt lat="50.330430" lon="10.219908"/>
<trkpt lat="50.330501" lon="10.219980"/>
<trkpt lat="50.330566" lon="10.220090"/>
<trkpt lat="50.330618" lon="10.220197"/>
<trkpt lat="50.330650" lon="10.220292"/>
<trkpt lat="50.330824" lon="10.220802"/>
<trkpt lat="50.330955" lon="10.221086"/>
<trkpt lat="50.331158" lon="10.221721"/>
<trkpt lat="50.331176" lon="10.221883"/>
<trkpt lat="50.331228" lon="10.222101"/>
<trkpt lat="50.331344" lon="10.222494"/>
<trkpt lat="50.331426" lon="10.222800"/>
<trkpt lat="50.331500" lon="10.223149"/>
<trkpt lat="50.331569" lon="10.223537"/>
<trkpt lat="50.331689" lon="10.224128"/>
<trkpt lat="50.331871" lon="10.224741"/>
<trkpt lat="50.331917" lon="10.224873"/>
<trkpt lat="50.331969" lon="10.225003"/>
<trkpt lat="50.332096" lon="10.225274"/>
<trkpt lat="50.332190" lon="10.225471"/>
<trkpt lat="50.332241" lon="10.225574"/>
<trkpt lat="50.332332" lon="10.225754"/>
<trkpt lat="50.332692" lon="10.226455"/>
<trkpt lat="50.333042" lon="10.227127"/>
<trkpt lat="50.333149" lon="10.227320"/>
<trkpt lat="50.333172" lon="10.227362"/>
<trkpt lat="50.333255" lon="10.227513"/>
<trkpt lat="50.333360" lon="10.227703"/>
<trkpt lat="50.333551" lon="10.228016"/>
<trkpt lat="50.333621" lon="10.228077"/>
<trkpt lat="50.333689" lon="10.228120"/>
<trkpt lat="50.333888" lon="10.228428"/>
<trkpt lat="50.334065" lon="10.228667"/>
<trkpt lat="50.334197" lon="10.228846"/>
<trkpt lat="50.334540" lon="10.229244"/>
<trkpt lat="50.335201" lon="10.230009"/>
<trkpt lat="50.335563" lon="10.230467"/>
<trkpt lat="50.335755" lon="10.230712"/>
<trkpt lat="50.335957" lon="10.230986"/>
<trkpt lat="50.336093" lon="10.231211"/>
<trkpt lat="50.336167" lon="10.231339"/>
<trkpt lat="50.336223" lon="10.231434"/>
<trkpt lat="50.336333" lon="10.231616"/>
<trkpt lat="50.336627" lon="10.232097"/>
<trkpt lat="50.336753" lon="10.232331"/>
<trkpt lat="50.337150" lon="10.233013"/>
<trkpt lat="50.338297" lon="10.235082"/>
<trkpt lat="50.339340" lon="10.237101"/>
<trkpt lat="50.339856" lon="10.238144"/>
<trkpt lat="50.340214" lon="10.238908"/>
<trkpt lat="50.340399" lon="10.239369"/>
<trkpt lat="50.340458" lon="10.239555"/>
<trkpt lat="50.340693" lon="10.240260"/>
<trkpt lat="50.340766" lon="10.240526"/>
<trkpt lat="50.340859" lon="10.240876"/>
<trkpt lat="50.340935" lon="10.241205"/>
<trkpt lat="50.341009" lon="10.241568"/>
<trkpt lat="50.341102" lon="10.242134"/>
<trkpt lat="50.341157" lon="10.242576"/>
<trkpt lat="50.341192" lon="10.242890"/>
<trkpt lat="50.341243" lon="10.243477"/>
<trkpt lat="50.341272" lon="10.243977"/>
<trkpt lat="50.341293" lon="10.244403"/>
<trkpt lat="50.341309" lon="10.244850"/>
<trkpt lat="50.341333" lon="10.245334"/>
<trkpt lat="50.341373" lon="10.245907"/>
<trkpt lat="50.341418" lon="10.246338"/>
<trkpt lat="50.341459" lon="10.246654"/>
<trkpt lat="50.341503" lon="10.246964"/>
<trkpt lat="50.341562" lon="10.247280"/>
<trkpt lat="50.341659" lon="10.247740"/>
<trkpt lat="50.341756" lon="10.248143"/>
<trkpt lat="50.341828" lon="10.248412"/>
<trkpt lat="50.341904" lon="10.248689"/>
<trkpt lat="50.341999" lon="10.248978"/>
<trkpt lat="50.342095" lon="10.249244"/>
<trkpt lat="50.342247" lon="10.249632"/>
<trkpt lat="50.342412" lon="10.250022"/>
<trkpt lat="50.342609" lon="10.250443"/>
<trkpt lat="50.342803" lon="10.250835"/>
<trkpt lat="50.343008" lon="10.251230"/>
<trkpt lat="50.343193" lon="10.251567"/>
<trkpt lat="50.343376" lon="10.251889"/>
<trkpt lat="50.343578" lon="10.252226"/>
<trkpt lat="50.343798" lon="10.252568"/>
<trkpt lat="50.344002" lon="10.252877"/>
<trkpt lat="50.344179" lon="10.253121"/>
<trkpt lat="50.344344" lon="10.253335"/>
<trkpt lat="50.344478" lon="10.253492"/>
<trkpt lat="50.344611" lon="10.253637"/>
<trkpt lat="50.344760" lon="10.253790"/>
<trkpt lat="50.344896" lon="10.253919"/>
<trkpt lat="50.345006" lon="10.254015"/>
<trkpt lat="50.345129" lon="10.254115"/>
<trkpt lat="50.345271" lon="10.254222"/>
<trkpt lat="50.345404" lon="10.254310"/>
<trkpt lat="50.345578" lon="10.254414"/>
<trkpt lat="50.345751" lon="10.254504"/>
<trkpt lat="50.345897" lon="10.254574"/>
<trkpt lat="50.346055" lon="10.254640"/>
<trkpt lat="50.346202" lon="10.254689"/>
<trkpt lat="50.346336" lon="10.254732"/>
<trkpt lat="50.346474" lon="10.254761"/>
<trkpt lat="50.346608" lon="10.254784"/>
<trkpt lat="50.346761" lon="10.254803"/>
<trkpt lat="50.346990" lon="10.254820"/>
<trkpt lat="50.347444" lon="10.254802"/>
<trkpt lat="50.347651" lon="10.254780"/>
<trkpt lat="50.347826" lon="10.254755"/>
<trkpt lat="50.348087" lon="10.254721"/>
<trkpt lat="50.348249" lon="10.254691"/>
<trkpt lat="50.348813" lon="10.254552"/>
<trkpt lat="50.349246" lon="10.254409"/>
<trkpt lat="50.349656" lon="10.254275"/>
<trkpt lat="50.349996" lon="10.254164"/>
<trkpt lat="50.351066" lon="10.253728"/>
<trkpt lat="50.351826" lon="10.253405"/>
<trkpt lat="50.352446" lon="10.253109"/>
<trkpt lat="50.353733" lon="10.252380"/>
<trkpt lat="50.354803" lon="10.251702"/>
<trkpt lat="50.355555" lon="10.251230"/>
<trkpt lat="50.356081" lon="10.250916"/>
<trkpt lat="50.356368" lon="10.250772"/>
<trkpt lat="50.356572" lon="10.250670"/>
<trkpt lat="50.356780" lon="10.250574"/>
<trkpt lat="50.356993" lon="10.250491"/>
<trkpt lat="50.357177" lon="10.250426"/>
<trkpt lat="50.357374" lon="10.250358"/>
<trkpt lat="50.357600" lon="10.250291"/>
<trkpt lat="50.357867" lon="10.250222"/>
<trkpt lat="50.358178" lon="10.250152"/>
<trkpt lat="50.358460" lon="10.250104"/>
<trkpt lat="50.361361" lon="10.249571"/>
<trkpt lat="50.361670" lon="10.249525"/>
<trkpt lat="50.362328" lon="10.249413"/>
<trkpt lat="50.362689" lon="10.249361"/>
<trkpt lat="50.363339" lon="10.249321"/>
<trkpt lat="50.363931" lon="10.249312"/>
<trkpt lat="50.364668" lon="10.249365"/>
<trkpt lat="50.365798" lon="10.249553"/>
<trkpt lat="50.366175" lon="10.249651"/>
<trkpt lat="50.368788" lon="10.250364"/>
<trkpt lat="50.369027" lon="10.250433"/>
<trkpt lat="50.369286" lon="10.250517"/>
<trkpt lat="50.369507" lon="10.250593"/>
<trkpt lat="50.369702" lon="10.250672"/>
<trkpt lat="50.369878" lon="10.250753"/>
<trkpt lat="50.370060" lon="10.250850"/>
<trkpt lat="50.370217" lon="10.250947"/>
<trkpt lat="50.370371" lon="10.251054"/>
<trkpt lat="50.370541" lon="10.251185"/>
<trkpt lat="50.370694" lon="10.251316"/>
<trkpt lat="50.370842" lon="10.251452"/>
<trkpt lat="50.370983" lon="10.251604"/>
<trkpt lat="50.371144" lon="10.251784"/>
<trkpt lat="50.371263" lon="10.251935"/>
<trkpt lat="50.371415" lon="10.252132"/>
<trkpt lat="50.371657" lon="10.252500"/>
<trkpt lat="50.372024" lon="10.253052"/>
<trkpt lat="50.372315" lon="10.253416"/>
<trkpt lat="50.372737" lon="10.253805"/>
<trkpt lat="50.373017" lon="10.254029"/>
<trkpt lat="50.373639" lon="10.254399"/>
<trkpt lat="50.374208" lon="10.254733"/>
<trkpt lat="50.374570" lon="10.254959"/>
<trkpt lat="50.375269" lon="10.255467"/>
<trkpt lat="50.375685" lon="10.255778"/>
<trkpt lat="50.376114" lon="10.256093"/>
<trkpt lat="50.376147" lon="10.256108"/>
<trkpt lat="50.376360" lon="10.256186"/>
<trkpt lat="50.376406" lon="10.256199"/>
<trkpt lat="50.376469" lon="10.256208"/>
<trkpt lat="50.376572" lon="10.256206"/>
<trkpt lat="50.376713" lon="10.256216"/>
<trkpt lat="50.376930" lon="10.256245"/>
<trkpt lat="50.377030" lon="10.256267"/>
<trkpt lat="50.377291" lon="10.256320"/>
<trkpt lat="50.377522" lon="10.256404"/>
<trkpt lat="50.377661" lon="10.256448"/>
<trkpt lat="50.377760" lon="10.256500"/>
<trkpt lat="50.377852" lon="10.256693"/>
<trkpt lat="50.377911" lon="10.256861"/>
<trkpt lat="50.377967" lon="10.257007"/>
<trkpt lat="50.378019" lon="10.257097"/>
<trkpt lat="50.378083" lon="10.257150"/>
<trkpt lat="50.378200" lon="10.257177"/>
<trkpt lat="50.378253" lon="10.257178"/>
<trkpt lat="50.378482" lon="10.257192"/>
<trkpt lat="50.378989" lon="10.257239"/>
<trkpt lat="50.379357" lon="10.257249"/>
<trkpt lat="50.379628" lon="10.257274"/>
<trkpt lat="50.379897" lon="10.257305"/>
<trkpt lat="50.380158" lon="10.257361"/>
<trkpt lat="50.380440" lon="10.257459"/>
<trkpt lat="50.380853" lon="10.257631"/>
<trkpt lat="50.381177" lon="10.257793"/>
<trkpt lat="50.381227" lon="10.257818"/>
<trkpt lat="50.381389" lon="10.257898"/>
<trkpt lat="50.381639" lon="10.258020"/>
<trkpt lat="50.381971" lon="10.258183"/>
<trkpt lat="50.382174" lon="10.258283"/>
<trkpt lat="50.382874" lon="10.258628"/>
<trkpt lat="50.384138" lon="10.259230"/>
<trkpt lat="50.384552" lon="10.259396"/>
<trkpt lat="50.384787" lon="10.259471"/>
<trkpt lat="50.385001" lon="10.259539"/>
<trkpt lat="50.385963" lon="10.259804"/>
<trkpt lat="50.386323" lon="10.259923"/>
<trkpt lat="50.386689" lon="10.260067"/>
<trkpt lat="50.387003" lon="10.260214"/>
<trkpt lat="50.387325" lon="10.260388"/>
<trkpt lat="50.387721" lon="10.260634"/>
<trkpt lat="50.388034" lon="10.260859"/>
<trkpt lat="50.388342" lon="10.261103"/>
<trkpt lat="50.388614" lon="10.261341"/>
<trkpt lat="50.388936" lon="10.261656"/>
<trkpt lat="50.389260" lon="10.262029"/>
<trkpt lat="50.389526" lon="10.262391"/>
<trkpt lat="50.389962" lon="10.262986"/>
<trkpt lat="50.390114" lon="10.263187"/>
<trkpt lat="50.390291" lon="10.263371"/>
<trkpt lat="50.390554" lon="10.263571"/>
<trkpt lat="50.390761" lon="10.263703"/>
<trkpt lat="50.391121" lon="10.263853"/>
<trkpt lat="50.391756" lon="10.264106"/>
<trkpt lat="50.392047" lon="10.264259"/>
<trkpt lat="50.392343" lon="10.264456"/>
<trkpt lat="50.392687" lon="10.264731"/>
<trkpt lat="50.393143" lon="10.265172"/>
<trkpt lat="50.393448" lon="10.265459"/>
<trkpt lat="50.394167" lon="10.266203"/>
<trkpt lat="50.394585" lon="10.266697"/>
<trkpt lat="50.394827" lon="10.267010"/>
<trkpt lat="50.395253" lon="10.267620"/>
<trkpt lat="50.395565" lon="10.268200"/>
<trkpt lat="50.395792" lon="10.268756"/>
<trkpt lat="50.395871" lon="10.269019"/>
<trkpt lat="50.395967" lon="10.269486"/>
<trkpt lat="50.396014" lon="10.269845"/>
<trkpt lat="50.396035" lon="10.270246"/>
<trkpt lat="50.396025" lon="10.270515"/>
<trkpt lat="50.396017" lon="10.270757"/>
<trkpt lat="50.396003" lon="10.271147"/>
<trkpt lat="50.396030" lon="10.271618"/>
<trkpt lat="50.396074" lon="10.271978"/>
<trkpt lat="50.396183" lon="10.272356"/>
<trkpt lat="50.396343" lon="10.272791"/>
<trkpt lat="50.396511" lon="10.273142"/>
<trkpt lat="50.396730" lon="10.273513"/>
<trkpt lat="50.397137" lon="10.274111"/>
<trkpt lat="50.397823" lon="10.275048"/>
<trkpt lat="50.397875" lon="10.275119"/>
<trkpt lat="50.398609" lon="10.276126"/>
<trkpt lat="50.399345" lon="10.277133"/>
<trkpt lat="50.399859" lon="10.277885"/>
<trkpt lat="50.400222" lon="10.278468"/>
<trkpt lat="50.400494" lon="10.278937"/>
<trkpt lat="50.401000" lon="10.279855"/>
<trkpt lat="50.401595" lon="10.280941"/>
<trkpt lat="50.402758" lon="10.283053"/>
<trkpt lat="50.403665" lon="10.284708"/>
<trkpt lat="50.404028" lon="10.285373"/>
<trkpt lat="50.404361" lon="10.285962"/>
<trkpt lat="50.404615" lon="10.286363"/>
<trkpt lat="50.404842" lon="10.286674"/>
<trkpt lat="50.405138" lon="10.287026"/>
<trkpt lat="50.405714" lon="10.287675"/>
<trkpt lat="50.406590" lon="10.288646"/>
<trkpt lat="50.407454" lon="10.289602"/>
<trkpt lat="50.407811" lon="10.290016"/>
<trkpt lat="50.407921" lon="10.290124"/>
<trkpt lat="50.408040" lon="10.290223"/>
<trkpt lat="50.408157" lon="10.290303"/>
<trkpt lat="50.408296" lon="10.290375"/>
<trkpt lat="50.408414" lon="10.290421"/>
<trkpt lat="50.408522" lon="10.290450"/>
<trkpt lat="50.408637" lon="10.290473"/>
<trkpt lat="50.409197" lon="10.290515"/>
<trkpt lat="50.409366" lon="10.290524"/>
<trkpt lat="50.409484" lon="10.290532"/>
<trkpt lat="50.409693" lon="10.290558"/>
<trkpt lat="50.409903" lon="10.290609"/>
<trkpt lat="50.410087" lon="10.290660"/>
<trkpt lat="50.410199" lon="10.290696"/>
<trkpt lat="50.410311" lon="10.290738"/>
<trkpt lat="50.410454" lon="10.290805"/>
<trkpt lat="50.410721" lon="10.290952"/>
<trkpt lat="50.410869" lon="10.291051"/>
<trkpt lat="50.411204" lon="10.291288"/>
<trkpt lat="50.411515" lon="10.291515"/>
<trkpt lat="50.412517" lon="10.292243"/>
<trkpt lat="50.414211" lon="10.293474"/>
<trkpt lat="50.415122" lon="10.294141"/>
<trkpt lat="50.415751" lon="10.294611"/>
<trkpt lat="50.416621" lon="10.295243"/>
<trkpt lat="50.416735" lon="10.295314"/>
<trkpt lat="50.416950" lon="10.295423"/>
<trkpt lat="50.417184" lon="10.295520"/>
<trkpt lat="50.417399" lon="10.295590"/>
<trkpt lat="50.417530" lon="10.295618"/>
<trkpt lat="50.417769" lon="10.295658"/>
<trkpt lat="50.418020" lon="10.295695"/>
<trkpt lat="50.419049" lon="10.295852"/>
<trkpt lat="50.420196" lon="10.296050"/>
<trkpt lat="50.420283" lon="10.296065"/>
<trkpt lat="50.421680" lon="10.296315"/>
<trkpt lat="50.423018" lon="10.296554"/>
<trkpt lat="50.423245" lon="10.296597"/>
<trkpt lat="50.424689" lon="10.296874"/>
<trkpt lat="50.425011" lon="10.296936"/>
<trkpt lat="50.425695" lon="10.297088"/>
<trkpt lat="50.425774" lon="10.297180"/>
<trkpt lat="50.425831" lon="10.297277"/>
<trkpt lat="50.425881" lon="10.297392"/>
<trkpt lat="50.425948" lon="10.297582"/>
<trkpt lat="50.425957" lon="10.298095"/>
<trkpt lat="50.425961" lon="10.298199"/>
<trkpt lat="50.425968" lon="10.298320"/>
<trkpt lat="50.425983" lon="10.298458"/>
<trkpt lat="50.425997" lon="10.298532"/>
<trkpt lat="50.426007" lon="10.298585"/>
<trkpt lat="50.426024" lon="10.298667"/>
<trkpt lat="50.426081" lon="10.298857"/>
<trkpt lat="50.426100" lon="10.298959"/>
<trkpt lat="50.426111" lon="10.299043"/>
<trkpt lat="50.426110" lon="10.299144"/>
<trkpt lat="50.426097" lon="10.299241"/>
<trkpt lat="50.426069" lon="10.299341"/>
<trkpt lat="50.426041" lon="10.299391"/>
<trkpt lat="50.426007" lon="10.299435"/>
<trkpt lat="50.425984" lon="10.299458"/>
<trkpt lat="50.425953" lon="10.299480"/>
<trkpt lat="50.425906" lon="10.299497"/>
<trkpt lat="50.425844" lon="10.299503"/>
<trkpt lat="50.425775" lon="10.299504"/>
<trkpt lat="50.425598" lon="10.299484"/>
<trkpt lat="50.425424" lon="10.299485"/>
<trkpt lat="50.425375" lon="10.299494"/>
<trkpt lat="50.425303" lon="10.299524"/>
<trkpt lat="50.425247" lon="10.299554"/>
<trkpt lat="50.425154" lon="10.299610"/>
<trkpt lat="50.424986" lon="10.299739"/>
<trkpt lat="50.424855" lon="10.299842"/>
<trkpt lat="50.424697" lon="10.299986"/>
<trkpt lat="50.424602" lon="10.300085"/>
<trkpt lat="50.424529" lon="10.300186"/>
<trkpt lat="50.424487" lon="10.300270"/>
<trkpt lat="50.424452" lon="10.300352"/>
<trkpt lat="50.424422" lon="10.300446"/>
<trkpt lat="50.424399" lon="10.300561"/>
<trkpt lat="50.424382" lon="10.300726"/>
<trkpt lat="50.424375" lon="10.300919"/>
<trkpt lat="50.424381" lon="10.301114"/>
<trkpt lat="50.424392" lon="10.301250"/>
<trkpt lat="50.424433" lon="10.301494"/>
<trkpt lat="50.424478" lon="10.301730"/>
<trkpt lat="50.424556" lon="10.302156"/>
<trkpt lat="50.424613" lon="10.302513"/>
<trkpt lat="50.424652" lon="10.302832"/>
<trkpt lat="50.424665" lon="10.302952"/>
<trkpt lat="50.424671" lon="10.303035"/>
<trkpt lat="50.424672" lon="10.303146"/>
<trkpt lat="50.424668" lon="10.303247"/>
<trkpt lat="50.424651" lon="10.303403"/>
<trkpt lat="50.424540" lon="10.304096"/>
<trkpt lat="50.424362" lon="10.305220"/>
<trkpt lat="50.424347" lon="10.305311"/>
<trkpt lat="50.424309" lon="10.305289"/>
<trkpt lat="50.424267" lon="10.305287"/>
<trkpt lat="50.424228" lon="10.305306"/>
<trkpt lat="50.424195" lon="10.305344"/>
<trkpt lat="50.424171" lon="10.305397"/>
<trkpt lat="50.424160" lon="10.305459"/>
<trkpt lat="50.424161" lon="10.305523"/>
<trkpt lat="50.424176" lon="10.305582"/>
<trkpt lat="50.424202" lon="10.305631"/>
<trkpt lat="50.424236" lon="10.305664"/>
<trkpt lat="50.424275" lon="10.305679"/>
<trkpt lat="50.424315" lon="10.305673"/>
<trkpt lat="50.424352" lon="10.305648"/>
<trkpt lat="50.424374" lon="10.305695"/>
<trkpt lat="50.424427" lon="10.305795"/>
<trkpt lat="50.424481" lon="10.305883"/>
<trkpt lat="50.424530" lon="10.305948"/>
<trkpt lat="50.424680" lon="10.306101"/>
<trkpt lat="50.424874" lon="10.306297"/>
<trkpt lat="50.425025" lon="10.306445"/>
<trkpt lat="50.425612" lon="10.306997"/>
<trkpt lat="50.425627" lon="10.307011"/>
<trkpt lat="50.426179" lon="10.307536"/>
<trkpt lat="50.426500" lon="10.307846"/>
<trkpt lat="50.426602" lon="10.307928"/>
<trkpt lat="50.426763" lon="10.308026"/>
<trkpt lat="50.426892" lon="10.308079"/>
<trkpt lat="50.427027" lon="10.308101"/>
<trkpt lat="50.427451" lon="10.308144"/>
<trkpt lat="50.427557" lon="10.308152"/>
<trkpt lat="50.427781" lon="10.308173"/>
<trkpt lat="50.428033" lon="10.308204"/>
<trkpt lat="50.428164" lon="10.308241"/>
<trkpt lat="50.428199" lon="10.308256"/>
<trkpt lat="50.428192" lon="10.308318"/>
<trkpt lat="50.428198" lon="10.308381"/>
<trkpt lat="50.428216" lon="10.308437"/>
<trkpt lat="50.428244" lon="10.308481"/>
<trkpt lat="50.428280" lon="10.308509"/>
<trkpt lat="50.428321" lon="10.308517"/>
<trkpt lat="50.428362" lon="10.308503"/>
<trkpt lat="50.428397" lon="10.308470"/>
<trkpt lat="50.428423" lon="10.308420"/>
<trkpt lat="50.428437" lon="10.308363"/>
<trkpt lat="50.428439" lon="10.308302"/>
<trkpt lat="50.428429" lon="10.308244"/>
<trkpt lat="50.428408" lon="10.308193"/>
<trkpt lat="50.428378" lon="10.308154"/>
<trkpt lat="50.428397" lon="10.308105"/>
<trkpt lat="50.428423" lon="10.308038"/>
<trkpt lat="50.428483" lon="10.307890"/>
<trkpt lat="50.428540" lon="10.307771"/>
<trkpt lat="50.428596" lon="10.307677"/>
<trkpt lat="50.428669" lon="10.307574"/>
<trkpt lat="50.428735" lon="10.307489"/>
<trkpt lat="50.428788" lon="10.307428"/>
<trkpt lat="50.428833" lon="10.307376"/>
<trkpt lat="50.428901" lon="10.307300"/>
<trkpt lat="50.429086" lon="10.307129"/>
<trkpt lat="50.429526" lon="10.306691"/>
<trkpt lat="50.429587" lon="10.306606"/>
<trkpt lat="50.429650" lon="10.306527"/>
<trkpt lat="50.429740" lon="10.306391"/>
<trkpt lat="50.429980" lon="10.306014"/>
<trkpt lat="50.430135" lon="10.305748"/>
<trkpt lat="50.430247" lon="10.305536"/>
<trkpt lat="50.430333" lon="10.305360"/>
<trkpt lat="50.430459" lon="10.305056"/>
<trkpt lat="50.430534" lon="10.304828"/>
<trkpt lat="50.430606" lon="10.304583"/>
<trkpt lat="50.430635" lon="10.304479"/>
<trkpt lat="50.430723" lon="10.304174"/>
<trkpt lat="50.430737" lon="10.304136"/>
<trkpt lat="50.430807" lon="10.303966"/>
<trkpt lat="50.430854" lon="10.304036"/>
<trkpt lat="50.430906" lon="10.304096"/>
<trkpt lat="50.430955" lon="10.304138"/>
<trkpt lat="50.430982" lon="10.304155"/>
<trkpt lat="50.431233" lon="10.304275"/>
<trkpt lat="50.431362" lon="10.304340"/>
<trkpt lat="50.431934" lon="10.304614"/>
<trkpt lat="50.432657" lon="10.304962"/>
<trkpt lat="50.432684" lon="10.304975"/>
<trkpt lat="50.432706" lon="10.304986"/>
<trkpt lat="50.432931" lon="10.305098"/>
<trkpt lat="50.432943" lon="10.305104"/>
<trkpt lat="50.433019" lon="10.305143"/>
<trkpt lat="50.434172" lon="10.305719"/>
<trkpt lat="50.434248" lon="10.305756"/>
<trkpt lat="50.435754" lon="10.306509"/>
<trkpt lat="50.435800" lon="10.306532"/>
<trkpt lat="50.435845" lon="10.306555"/>
<trkpt lat="50.435838" lon="10.306623"/>
<trkpt lat="50.435845" lon="10.306692"/>
<trkpt lat="50.435866" lon="10.306753"/>
<trkpt lat="50.435897" lon="10.306801"/>
<trkpt lat="50.435937" lon="10.306831"/>
<trkpt lat="50.435979" lon="10.306840"/>
<trkpt lat="50.436021" lon="10.306829"/>
<trkpt lat="50.436059" lon="10.306797"/>
<trkpt lat="50.436088" lon="10.306750"/>
<trkpt lat="50.436108" lon="10.306690"/>
<trkpt lat="50.436164" lon="10.306718"/>
<trkpt lat="50.436198" lon="10.306735"/>
<trkpt lat="50.436635" lon="10.306955"/>
<trkpt lat="50.441874" lon="10.309566"/>
<trkpt lat="50.442801" lon="10.310028"/>
<trkpt lat="50.443471" lon="10.310362"/>
<trkpt lat="50.444100" lon="10.310676"/>
<trkpt lat="50.444405" lon="10.310828"/>
<trkpt lat="50.444702" lon="10.310977"/>
<trkpt lat="50.445065" lon="10.311159"/>
<trkpt lat="50.445546" lon="10.311400"/>
<trkpt lat="50.445671" lon="10.311462"/>
<trkpt lat="50.446250" lon="10.311752"/>
<trkpt lat="50.446864" lon="10.312059"/>
<trkpt lat="50.447521" lon="10.312387"/>
<trkpt lat="50.447693" lon="10.312473"/>
<trkpt lat="50.448520" lon="10.312886"/>
<trkpt lat="50.451185" lon="10.314216"/>
<trkpt lat="50.452153" lon="10.314697"/>
<trkpt lat="50.452446" lon="10.314845"/>
<trkpt lat="50.453108" lon="10.315176"/>
<trkpt lat="50.453584" lon="10.315414"/>
<trkpt lat="50.456109" lon="10.316677"/>
<trkpt lat="50.456768" lon="10.317002"/>
<trkpt lat="50.457445" lon="10.317345"/>
<trkpt lat="50.457813" lon="10.317531"/>
<trkpt lat="50.458024" lon="10.317620"/>
<trkpt lat="50.458178" lon="10.317667"/>
<trkpt lat="50.458306" lon="10.317695"/>
<trkpt lat="50.458438" lon="10.317713"/>
<trkpt lat="50.458588" lon="10.317731"/>
<trkpt lat="50.458737" lon="10.317733"/>
<trkpt lat="50.458918" lon="10.317718"/>
<trkpt lat="50.459109" lon="10.317699"/>
<trkpt lat="50.459346" lon="10.317679"/>
<trkpt lat="50.459562" lon="10.317676"/>
<trkpt lat="50.459743" lon="10.317684"/>
<trkpt lat="50.459899" lon="10.317704"/>
<trkpt lat="50.460150" lon="10.317754"/>
<trkpt lat="50.460302" lon="10.317794"/>
<trkpt lat="50.460401" lon="10.317825"/>
<trkpt lat="50.460479" lon="10.317850"/>
<trkpt lat="50.460694" lon="10.317932"/>
<trkpt lat="50.461257" lon="10.318184"/>
<trkpt lat="50.461413" lon="10.318255"/>
<trkpt lat="50.461609" lon="10.318343"/>
<trkpt lat="50.461870" lon="10.318462"/>
<trkpt lat="50.462847" lon="10.318902"/>
<trkpt lat="50.463210" lon="10.319082"/>
<trkpt lat="50.463581" lon="10.319274"/>
<trkpt lat="50.463864" lon="10.319431"/>
<trkpt lat="50.464041" lon="10.319530"/>
<trkpt lat="50.464160" lon="10.319603"/>
<trkpt lat="50.464250" lon="10.319658"/>
<trkpt lat="50.464495" lon="10.319808"/>
<trkpt lat="50.464623" lon="10.319895"/>
<trkpt lat="50.464764" lon="10.320006"/>
<trkpt lat="50.464857" lon="10.320087"/>
<trkpt lat="50.464943" lon="10.320169"/>
<trkpt lat="50.465066" lon="10.320338"/>
<trkpt lat="50.465171" lon="10.320502"/>
<trkpt lat="50.465238" lon="10.320621"/>
<trkpt lat="50.465332" lon="10.320774"/>
<trkpt lat="50.465399" lon="10.320878"/>
<trkpt lat="50.465477" lon="10.320979"/>
<trkpt lat="50.465574" lon="10.321090"/>
<trkpt lat="50.465719" lon="10.321236"/>
<trkpt lat="50.465925" lon="10.321445"/>
<trkpt lat="50.466061" lon="10.321608"/>
<trkpt lat="50.466249" lon="10.321889"/>
<trkpt lat="50.466424" lon="10.322160"/>
<trkpt lat="50.466524" lon="10.322282"/>
<trkpt lat="50.466637" lon="10.322386"/>
<trkpt lat="50.466777" lon="10.322494"/>
<trkpt lat="50.466875" lon="10.322550"/>
<trkpt lat="50.466972" lon="10.322587"/>
<trkpt lat="50.467106" lon="10.322626"/>
<trkpt lat="50.467155" lon="10.322640"/>
<trkpt lat="50.467440" lon="10.322720"/>
<trkpt lat="50.467544" lon="10.322761"/>
<trkpt lat="50.467658" lon="10.322823"/>
<trkpt lat="50.467751" lon="10.322893"/>
<trkpt lat="50.467831" lon="10.322957"/>
<trkpt lat="50.467895" lon="10.323018"/>
<trkpt lat="50.467993" lon="10.323134"/>
<trkpt lat="50.468102" lon="10.323290"/>
<trkpt lat="50.468240" lon="10.323519"/>
<trkpt lat="50.468346" lon="10.323689"/>
<trkpt lat="50.468447" lon="10.323839"/>
<trkpt lat="50.468561" lon="10.323974"/>
<trkpt lat="50.468650" lon="10.324066"/>
<trkpt lat="50.468749" lon="10.324151"/>
<trkpt lat="50.468891" lon="10.324257"/>
<trkpt lat="50.469053" lon="10.324358"/>
<trkpt lat="50.469181" lon="10.324415"/>
<trkpt lat="50.469289" lon="10.324453"/>
<trkpt lat="50.469446" lon="10.324523"/>
<trkpt lat="50.469562" lon="10.324594"/>
<trkpt lat="50.469748" lon="10.324739"/>
<trkpt lat="50.469918" lon="10.324904"/>
<trkpt lat="50.470100" lon="10.325132"/>
<trkpt lat="50.470233" lon="10.325311"/>
<trkpt lat="50.470489" lon="10.325680"/>
<trkpt lat="50.470611" lon="10.325832"/>
<trkpt lat="50.470762" lon="10.325980"/>
<trkpt lat="50.470954" lon="10.326120"/>
<trkpt lat="50.471092" lon="10.326194"/>
<trkpt lat="50.471259" lon="10.326257"/>
<trkpt lat="50.471589" lon="10.326338"/>
<trkpt lat="50.471786" lon="10.326392"/>
<trkpt lat="50.471998" lon="10.326459"/>
<trkpt lat="50.472170" lon="10.326528"/>
<trkpt lat="50.472298" lon="10.326590"/>
<trkpt lat="50.472445" lon="10.326672"/>
<trkpt lat="50.472578" lon="10.326756"/>
<trkpt lat="50.472810" lon="10.326931"/>
<trkpt lat="50.473004" lon="10.327117"/>
<trkpt lat="50.473179" lon="10.327318"/>
<trkpt lat="50.473356" lon="10.327562"/>
<trkpt lat="50.473493" lon="10.327791"/>
<trkpt lat="50.473624" lon="10.328047"/>
<trkpt lat="50.473739" lon="10.328288"/>
<trkpt lat="50.473875" lon="10.328603"/>
<trkpt lat="50.473991" lon="10.328838"/>
<trkpt lat="50.474096" lon="10.329027"/>
<trkpt lat="50.474228" lon="10.329227"/>
<trkpt lat="50.474422" lon="10.329464"/>
<trkpt lat="50.474552" lon="10.329583"/>
<trkpt lat="50.474678" lon="10.329682"/>
<trkpt lat="50.474833" lon="10.329786"/>
<trkpt lat="50.474979" lon="10.329856"/>
<trkpt lat="50.475118" lon="10.329903"/>
<trkpt lat="50.475298" lon="10.329939"/>
<trkpt lat="50.475511" lon="10.329963"/>
<trkpt lat="50.475622" lon="10.329967"/>
<trkpt lat="50.476054" lon="10.329983"/>
<trkpt lat="50.476347" lon="10.330004"/>
<trkpt lat="50.476553" lon="10.330023"/>
<trkpt lat="50.476726" lon="10.330045"/>
<trkpt lat="50.476906" lon="10.330080"/>
<trkpt lat="50.477117" lon="10.330150"/>
<trkpt lat="50.477229" lon="10.330202"/>
<trkpt lat="50.477260" lon="10.330219"/>
<trkpt lat="50.477410" lon="10.330309"/>
<trkpt lat="50.477607" lon="10.330458"/>
<trkpt lat="50.477795" lon="10.330622"/>
<trkpt lat="50.477928" lon="10.330751"/>
<trkpt lat="50.478044" lon="10.330878"/>
<trkpt lat="50.478194" lon="10.331051"/>
<trkpt lat="50.478401" lon="10.331314"/>
<trkpt lat="50.478805" lon="10.331873"/>
<trkpt lat="50.479200" lon="10.332404"/>
<trkpt lat="50.479444" lon="10.332699"/>
<trkpt lat="50.479556" lon="10.332821"/>
<trkpt lat="50.479699" lon="10.332961"/>
<trkpt lat="50.479831" lon="10.333075"/>
<trkpt lat="50.479986" lon="10.333191"/>
<trkpt lat="50.480083" lon="10.333256"/>
<trkpt lat="50.480242" lon="10.333349"/>
<trkpt lat="50.480370" lon="10.333407"/>
<trkpt lat="50.480525" lon="10.333461"/>
<trkpt lat="50.480601" lon="10.333476"/>
<trkpt lat="50.480754" lon="10.333498"/>
<trkpt lat="50.480854" lon="10.333497"/>
<trkpt lat="50.481053" lon="10.333487"/>
<trkpt lat="50.481221" lon="10.333465"/>
<trkpt lat="50.481788" lon="10.333360"/>
<trkpt lat="50.481847" lon="10.333356"/>
<trkpt lat="50.481904" lon="10.333356"/>
<trkpt lat="50.482014" lon="10.333357"/>
<trkpt lat="50.482157" lon="10.333373"/>
<trkpt lat="50.482280" lon="10.333395"/>
<trkpt lat="50.482464" lon="10.333454"/>
<trkpt lat="50.482580" lon="10.333503"/>
<trkpt lat="50.482695" lon="10.333558"/>
<trkpt lat="50.482770" lon="10.333598"/>
<trkpt lat="50.482927" lon="10.333721"/>
<trkpt lat="50.483059" lon="10.333841"/>
<trkpt lat="50.483194" lon="10.333971"/>
<trkpt lat="50.483327" lon="10.334127"/>
<trkpt lat="50.483444" lon="10.334291"/>
<trkpt lat="50.483551" lon="10.334471"/>
<trkpt lat="50.483651" lon="10.334679"/>
<trkpt lat="50.483735" lon="10.334892"/>
<trkpt lat="50.483806" lon="10.335122"/>
<trkpt lat="50.483870" lon="10.335364"/>
<trkpt lat="50.483925" lon="10.335599"/>
<trkpt lat="50.484094" lon="10.336395"/>
<trkpt lat="50.484248" lon="10.337161"/>
<trkpt lat="50.484359" lon="10.337676"/>
<trkpt lat="50.484607" lon="10.338875"/>
<trkpt lat="50.484717" lon="10.339312"/>
<trkpt lat="50.484799" lon="10.339560"/>
<trkpt lat="50.484938" lon="10.339926"/>
<trkpt lat="50.485077" lon="10.340228"/>
<trkpt lat="50.485145" lon="10.340367"/>
<trkpt lat="50.485361" lon="10.340748"/>
<trkpt lat="50.485507" lon="10.340981"/>
<trkpt lat="50.485853" lon="10.341495"/>
<trkpt lat="50.486333" lon="10.342187"/>
<trkpt lat="50.486512" lon="10.342452"/>
<trkpt lat="50.486641" lon="10.342674"/>
<trkpt lat="50.486763" lon="10.342897"/>
<trkpt lat="50.486854" lon="10.343072"/>
<trkpt lat="50.486938" lon="10.343262"/>
<trkpt lat="50.486986" lon="10.343386"/>
<trkpt lat="50.487023" lon="10.343501"/>
<trkpt lat="50.487064" lon="10.343663"/>
<trkpt lat="50.487100" lon="10.343840"/>
<trkpt lat="50.487104" lon="10.343867"/>
<trkpt lat="50.487121" lon="10.343980"/>
<trkpt lat="50.487134" lon="10.344182"/>
<trkpt lat="50.487138" lon="10.344413"/>
<trkpt lat="50.487124" lon="10.344657"/>
<trkpt lat="50.487090" lon="10.344925"/>
<trkpt lat="50.487030" lon="10.345287"/>
<trkpt lat="50.486713" lon="10.346722"/>
<trkpt lat="50.486519" lon="10.347702"/>
<trkpt lat="50.486458" lon="10.348070"/>
<trkpt lat="50.486395" lon="10.348494"/>
<trkpt lat="50.486355" lon="10.348819"/>
<trkpt lat="50.486322" lon="10.349155"/>
<trkpt lat="50.486281" lon="10.349617"/>
<trkpt lat="50.486256" lon="10.350271"/>
<trkpt lat="50.486243" lon="10.350867"/>
<trkpt lat="50.486244" lon="10.351466"/>
<trkpt lat="50.486245" lon="10.351702"/>
<trkpt lat="50.486251" lon="10.353342"/>
<trkpt lat="50.486260" lon="10.353687"/>
<trkpt lat="50.486279" lon="10.354129"/>
<trkpt lat="50.486304" lon="10.354360"/>
<trkpt lat="50.486343" lon="10.354572"/>
<trkpt lat="50.486405" lon="10.354788"/>
<trkpt lat="50.486465" lon="10.354959"/>
<trkpt lat="50.486512" lon="10.355064"/>
<trkpt lat="50.486585" lon="10.355205"/>
<trkpt lat="50.486638" lon="10.355294"/>
<trkpt lat="50.486880" lon="10.355648"/>
<trkpt lat="50.487090" lon="10.355906"/>
<trkpt lat="50.487174" lon="10.355992"/>
<trkpt lat="50.487253" lon="10.356077"/>
<trkpt lat="50.487324" lon="10.355986"/>
<trkpt lat="50.487369" lon="10.355911"/>
<trkpt lat="50.487396" lon="10.355858"/>
<trkpt lat="50.487493" lon="10.355628"/>
<trkpt lat="50.487554" lon="10.355430"/>
<trkpt lat="50.487589" lon="10.355284"/>
<trkpt lat="50.487618" lon="10.355122"/>
<trkpt lat="50.487644" lon="10.354903"/>
<trkpt lat="50.487656" lon="10.354684"/>
<trkpt lat="50.487660" lon="10.354440"/>
<trkpt lat="50.487635" lon="10.353710"/>
<trkpt lat="50.487634" lon="10.353541"/>
<trkpt lat="50.487637" lon="10.353333"/>
<trkpt lat="50.487663" lon="10.353025"/>
<trkpt lat="50.487691" lon="10.352838"/>
<trkpt lat="50.487721" lon="10.352699"/>
<trkpt lat="50.487766" lon="10.352541"/>
<trkpt lat="50.487810" lon="10.352408"/>
<trkpt lat="50.487878" lon="10.352239"/>
<trkpt lat="50.487935" lon="10.352109"/>
<trkpt lat="50.488024" lon="10.351956"/>
<trkpt lat="50.488133" lon="10.351797"/>
<trkpt lat="50.488256" lon="10.351668"/>
<trkpt lat="50.488373" lon="10.351566"/>
<trkpt lat="50.488482" lon="10.351483"/>
<trkpt lat="50.488638" lon="10.351405"/>
<trkpt lat="50.488769" lon="10.351361"/>
<trkpt lat="50.488949" lon="10.351322"/>
<trkpt lat="50.489106" lon="10.351309"/>
<trkpt lat="50.489234" lon="10.351310"/>
<trkpt lat="50.489343" lon="10.351319"/>
<trkpt lat="50.489455" lon="10.351340"/>
<trkpt lat="50.489593" lon="10.351361"/>
<trkpt lat="50.490140" lon="10.351466"/>
<trkpt lat="50.490543" lon="10.351534"/>
<trkpt lat="50.490835" lon="10.351559"/>
<trkpt lat="50.491074" lon="10.351572"/>
<trkpt lat="50.491509" lon="10.351568"/>
<trkpt lat="50.491689" lon="10.351560"/>
<trkpt lat="50.491993" lon="10.351530"/>
<trkpt lat="50.492354" lon="10.351483"/>
<trkpt lat="50.492790" lon="10.351390"/>
<trkpt lat="50.493208" lon="10.351282"/>
<trkpt lat="50.493573" lon="10.351202"/>
<trkpt lat="50.493703" lon="10.351187"/>
<trkpt lat="50.493855" lon="10.351183"/>
<trkpt lat="50.493999" lon="10.351194"/>
<trkpt lat="50.494103" lon="10.351212"/>
<trkpt lat="50.494181" lon="10.351230"/>
<trkpt lat="50.494312" lon="10.351270"/>
<trkpt lat="50.494393" lon="10.351304"/>
<trkpt lat="50.494488" lon="10.351353"/>
<trkpt lat="50.494574" lon="10.351407"/>
<trkpt lat="50.494659" lon="10.351473"/>
<trkpt lat="50.494779" lon="10.351573"/>
<trkpt lat="50.494901" lon="10.351691"/>
<trkpt lat="50.495016" lon="10.351830"/>
<trkpt lat="50.495137" lon="10.351994"/>
<trkpt lat="50.495236" lon="10.352170"/>
<trkpt lat="50.495333" lon="10.352369"/>
<trkpt lat="50.495405" lon="10.352532"/>
<trkpt lat="50.495487" lon="10.352767"/>
<trkpt lat="50.495541" lon="10.352964"/>
<trkpt lat="50.495608" lon="10.353247"/>
<trkpt lat="50.495693" lon="10.353635"/>
<trkpt lat="50.495763" lon="10.353907"/>
<trkpt lat="50.495823" lon="10.354116"/>
<trkpt lat="50.495899" lon="10.354325"/>
<trkpt lat="50.495963" lon="10.354483"/>
<trkpt lat="50.496043" lon="10.354633"/>
<trkpt lat="50.496100" lon="10.354735"/>
<trkpt lat="50.496182" lon="10.354866"/>
<trkpt lat="50.496256" lon="10.354971"/>
<trkpt lat="50.496342" lon="10.355077"/>
<trkpt lat="50.496437" lon="10.355183"/>
<trkpt lat="50.496625" lon="10.355355"/>
<trkpt lat="50.496775" lon="10.355464"/>
<trkpt lat="50.496897" lon="10.355533"/>
<trkpt lat="50.497026" lon="10.355592"/>
<trkpt lat="50.497147" lon="10.355629"/>
<trkpt lat="50.497282" lon="10.355659"/>
<trkpt lat="50.497454" lon="10.355681"/>
<trkpt lat="50.497621" lon="10.355680"/>
<trkpt lat="50.497763" lon="10.355666"/>
<trkpt lat="50.499381" lon="10.355474"/>
<trkpt lat="50.499775" lon="10.355427"/>
<trkpt lat="50.500763" lon="10.355297"/>
<trkpt lat="50.500987" lon="10.355281"/>
<trkpt lat="50.501253" lon="10.355279"/>
<trkpt lat="50.501437" lon="10.355280"/>
<trkpt lat="50.501664" lon="10.355295"/>
<trkpt lat="50.501931" lon="10.355324"/>
<trkpt lat="50.502094" lon="10.355353"/>
<trkpt lat="50.502521" lon="10.355444"/>
<trkpt lat="50.503164" lon="10.355635"/>
<trkpt lat="50.503983" lon="10.355880"/>
<trkpt lat="50.504900" lon="10.356169"/>
<trkpt lat="50.505496" lon="10.356338"/>
<trkpt lat="50.506682" lon="10.356713"/>
<trkpt lat="50.511070" lon="10.358066"/>
<trkpt lat="50.511868" lon="10.358306"/>
<trkpt lat="50.512614" lon="10.358527"/>
<trkpt lat="50.514086" lon="10.358973"/>
<trkpt lat="50.514501" lon="10.359075"/>
<trkpt lat="50.514721" lon="10.359122"/>
<trkpt lat="50.514902" lon="10.359160"/>
<trkpt lat="50.517427" lon="10.359518"/>
<trkpt lat="50.517556" lon="10.359539"/>
<trkpt lat="50.517785" lon="10.359573"/>
<trkpt lat="50.517934" lon="10.359605"/>
<trkpt lat="50.518062" lon="10.359641"/>
<trkpt lat="50.518169" lon="10.359685"/>
<trkpt lat="50.518270" lon="10.359736"/>
<trkpt lat="50.518397" lon="10.359827"/>
<trkpt lat="50.518535" lon="10.359938"/>
<trkpt lat="50.518696" lon="10.360104"/>
<trkpt lat="50.518891" lon="10.360333"/>
<trkpt lat="50.520042" lon="10.361813"/>
<trkpt lat="50.521138" lon="10.363206"/>
<trkpt lat="50.521256" lon="10.363329"/>
<trkpt lat="50.521357" lon="10.363413"/>
<trkpt lat="50.521456" lon="10.363474"/>
<trkpt lat="50.521560" lon="10.363524"/>
<trkpt lat="50.521724" lon="10.363565"/>
<trkpt lat="50.521877" lon="10.363589"/>
<trkpt lat="50.522221" lon="10.363617"/>
<trkpt lat="50.522330" lon="10.363633"/>
<trkpt lat="50.522561" lon="10.363675"/>
<trkpt lat="50.522796" lon="10.363742"/>
<trkpt lat="50.523059" lon="10.363836"/>
<trkpt lat="50.523221" lon="10.363920"/>
<trkpt lat="50.523417" lon="10.364032"/>
<trkpt lat="50.523751" lon="10.364270"/>
<trkpt lat="50.524110" lon="10.364563"/>
<trkpt lat="50.524493" lon="10.364896"/>
<trkpt lat="50.524918" lon="10.365295"/>
<trkpt lat="50.525088" lon="10.365467"/>
<trkpt lat="50.525243" lon="10.365632"/>
<trkpt lat="50.525377" lon="10.365795"/>
<trkpt lat="50.525562" lon="10.366045"/>
<trkpt lat="50.525709" lon="10.366255"/>
<trkpt lat="50.525944" lon="10.366600"/>
<trkpt lat="50.526159" lon="10.366942"/>
<trkpt lat="50.526390" lon="10.367341"/>
<trkpt lat="50.526701" lon="10.367881"/>
<trkpt lat="50.526820" lon="10.368068"/>
<trkpt lat="50.526937" lon="10.368235"/>
<trkpt lat="50.527335" lon="10.368744"/>
<trkpt lat="50.527761" lon="10.369255"/>
<trkpt lat="50.528347" lon="10.369942"/>
<trkpt lat="50.529126" lon="10.370866"/>
<trkpt lat="50.529341" lon="10.371125"/>
<trkpt lat="50.529548" lon="10.371390"/>
<trkpt lat="50.529873" lon="10.371806"/>
<trkpt lat="50.531330" lon="10.373792"/>
<trkpt lat="50.531931" lon="10.374637"/>
<trkpt lat="50.532382" lon="10.375340"/>
<trkpt lat="50.532609" lon="10.375726"/>
<trkpt lat="50.532905" lon="10.376258"/>
<trkpt lat="50.533185" lon="10.376761"/>
<trkpt lat="50.534673" lon="10.379385"/>
<trkpt lat="50.535125" lon="10.380231"/>
<trkpt lat="50.535449" lon="10.380915"/>
<trkpt lat="50.536852" lon="10.384247"/>
<trkpt lat="50.537209" lon="10.385090"/>
<trkpt lat="50.537768" lon="10.386377"/>
<trkpt lat="50.538226" lon="10.387548"/>
<trkpt lat="50.538408" lon="10.388068"/>
<trkpt lat="50.538588" lon="10.388627"/>
<trkpt lat="50.538976" lon="10.389943"/>
<trkpt lat="50.539312" lon="10.391205"/>
<trkpt lat="50.539602" lon="10.392363"/>
<trkpt lat="50.539946" lon="10.393712"/>
<trkpt lat="50.540127" lon="10.394466"/>
<trkpt lat="50.540258" lon="10.395087"/>
<trkpt lat="50.540375" lon="10.395718"/>
<trkpt lat="50.540682" lon="10.397575"/>
<trkpt lat="50.540743" lon="10.397900"/>
<trkpt lat="50.540798" lon="10.398144"/>
<trkpt lat="50.540901" lon="10.398481"/>
<trkpt lat="50.541021" lon="10.398796"/>
<trkpt lat="50.541155" lon="10.399090"/>
<trkpt lat="50.541384" lon="10.399577"/>
<trkpt lat="50.541522" lon="10.399879"/>
<trkpt lat="50.541665" lon="10.400145"/>
<trkpt lat="50.541812" lon="10.400375"/>
<trkpt lat="50.541962" lon="10.400614"/>
<trkpt lat="50.542112" lon="10.400820"/>
<trkpt lat="50.542264" lon="10.401017"/>
<trkpt lat="50.542342" lon="10.401119"/>
<trkpt lat="50.542325" lon="10.401156"/>
<trkpt lat="50.542308" lon="10.401227"/>
<trkpt lat="50.542307" lon="10.401304"/>
<trkpt lat="50.542323" lon="10.401379"/>
<trkpt lat="50.542354" lon="10.401441"/>
<trkpt lat="50.542395" lon="10.401483"/>
<trkpt lat="50.542426" lon="10.401497"/>
<trkpt lat="50.542405" lon="10.401685"/>
<trkpt lat="50.542376" lon="10.401914"/>
<trkpt lat="50.542280" lon="10.402657"/>
<trkpt lat="50.542218" lon="10.403336"/>
<trkpt lat="50.542152" lon="10.404191"/>
<trkpt lat="50.542117" lon="10.404968"/>
<trkpt lat="50.542095" lon="10.405520"/>
<trkpt lat="50.542093" lon="10.406204"/>
<trkpt lat="50.542094" lon="10.406813"/>
<trkpt lat="50.542104" lon="10.407346"/>
<trkpt lat="50.542128" lon="10.408047"/>
<trkpt lat="50.542125" lon="10.408219"/>
<trkpt lat="50.542124" lon="10.408292"/>
<trkpt lat="50.542090" lon="10.408308"/>
<trkpt lat="50.542060" lon="10.408336"/>
<trkpt lat="50.542023" lon="10.408402"/>
<trkpt lat="50.542008" lon="10.408455"/>
<trkpt lat="50.542003" lon="10.408537"/>
<trkpt lat="50.542009" lon="10.408585"/>
<trkpt lat="50.542027" lon="10.408651"/>
<trkpt lat="50.542048" lon="10.408684"/>
<trkpt lat="50.542081" lon="10.408722"/>
<trkpt lat="50.542143" lon="10.408748"/>
<trkpt lat="50.542179" lon="10.408743"/>
<trkpt lat="50.542212" lon="10.408724"/>
<trkpt lat="50.542249" lon="10.408684"/>
<trkpt lat="50.542282" lon="10.408611"/>
<trkpt lat="50.542329" lon="10.408629"/>
<trkpt lat="50.542412" lon="10.408661"/>
<trkpt lat="50.542535" lon="10.408684"/>
<trkpt lat="50.543125" lon="10.408746"/>
<trkpt lat="50.543153" lon="10.408749"/>
<trkpt lat="50.544632" lon="10.408902"/>
<trkpt lat="50.545396" lon="10.409039"/>
<trkpt lat="50.545632" lon="10.409122"/>
<trkpt lat="50.545927" lon="10.409252"/>
<trkpt lat="50.546271" lon="10.409464"/>
<trkpt lat="50.546548" lon="10.409666"/>
<trkpt lat="50.546854" lon="10.409939"/>
<trkpt lat="50.547127" lon="10.410199"/>
<trkpt lat="50.547705" lon="10.410735"/>
<trkpt lat="50.548281" lon="10.411264"/>
<trkpt lat="50.548716" lon="10.411647"/>
<trkpt lat="50.548867" lon="10.411755"/>
<trkpt lat="50.549235" lon="10.411991"/>
<trkpt lat="50.549437" lon="10.412061"/>
<trkpt lat="50.549628" lon="10.412063"/>
<trkpt lat="50.549707" lon="10.412036"/>
<trkpt lat="50.549820" lon="10.411977"/>
<trkpt lat="50.549986" lon="10.411862"/>
<trkpt lat="50.550149" lon="10.411696"/>
<trkpt lat="50.550476" lon="10.411246"/>
<trkpt lat="50.550616" lon="10.411111"/>
<trkpt lat="50.550776" lon="10.410989"/>
<trkpt lat="50.550885" lon="10.410930"/>
<trkpt lat="50.550976" lon="10.410887"/>
<trkpt lat="50.551163" lon="10.410810"/>
<trkpt lat="50.551308" lon="10.410780"/>
<trkpt lat="50.551408" lon="10.410763"/>
<trkpt lat="50.551499" lon="10.410762"/>
<trkpt lat="50.551654" lon="10.410775"/>
<trkpt lat="50.551823" lon="10.410809"/>
<trkpt lat="50.552457" lon="10.410937"/>
<trkpt lat="50.553933" lon="10.411227"/>
<trkpt lat="50.557557" lon="10.411942"/>
<trkpt lat="50.557835" lon="10.411988"/>
<trkpt lat="50.557978" lon="10.412020"/>
<trkpt lat="50.557987" lon="10.412021"/>
<trkpt lat="50.558058" lon="10.412037"/>
<trkpt lat="50.558076" lon="10.412041"/>
<trkpt lat="50.558076" lon="10.412081"/>
<trkpt lat="50.558081" lon="10.412120"/>
<trkpt lat="50.558091" lon="10.412155"/>
<trkpt lat="50.558103" lon="10.412183"/>
<trkpt lat="50.558122" lon="10.412211"/>
<trkpt lat="50.558144" lon="10.412231"/>
<trkpt lat="50.558169" lon="10.412246"/>
<trkpt lat="50.558206" lon="10.412246"/>
<trkpt lat="50.558237" lon="10.412233"/>
<trkpt lat="50.558262" lon="10.412211"/>
<trkpt lat="50.558286" lon="10.412174"/>
<trkpt lat="50.558301" lon="10.412132"/>
<trkpt lat="50.558309" lon="10.412084"/>
<trkpt lat="50.558324" lon="10.412087"/>
<trkpt lat="50.558335" lon="10.412090"/>
<trkpt lat="50.558395" lon="10.412102"/>
<trkpt lat="50.558596" lon="10.412141"/>
<trkpt lat="50.558832" lon="10.412188"/>
<trkpt lat="50.559132" lon="10.412274"/>
<trkpt lat="50.559179" lon="10.412290"/>
<trkpt lat="50.559247" lon="10.412313"/>
<trkpt lat="50.559385" lon="10.412394"/>
<trkpt lat="50.559507" lon="10.412480"/>
<trkpt lat="50.559629" lon="10.412575"/>
<trkpt lat="50.559803" lon="10.412720"/>
<trkpt lat="50.559973" lon="10.412866"/>
<trkpt lat="50.560139" lon="10.412980"/>
<trkpt lat="50.560155" lon="10.412990"/>
<trkpt lat="50.560330" lon="10.413097"/>
<trkpt lat="50.560498" lon="10.413177"/>
<trkpt lat="50.560618" lon="10.413233"/>
<trkpt lat="50.561064" lon="10.413418"/>
<trkpt lat="50.561335" lon="10.413550"/>
<trkpt lat="50.561528" lon="10.413657"/>
<trkpt lat="50.561783" lon="10.413824"/>
<trkpt lat="50.561869" lon="10.413890"/>
<trkpt lat="50.562079" lon="10.414058"/>
<trkpt lat="50.562228" lon="10.414191"/>
<trkpt lat="50.562311" lon="10.414273"/>
<trkpt lat="50.562421" lon="10.414385"/>
<trkpt lat="50.562620" lon="10.414620"/>
<trkpt lat="50.562661" lon="10.414668"/>
<trkpt lat="50.562711" lon="10.414724"/>
<trkpt lat="50.562775" lon="10.414782"/>
<trkpt lat="50.562825" lon="10.414811"/>
<trkpt lat="50.562838" lon="10.414817"/>
<trkpt lat="50.562857" lon="10.414821"/>
<trkpt lat="50.562915" lon="10.414826"/>
<trkpt lat="50.562988" lon="10.414823"/>
<trkpt lat="50.563228" lon="10.414799"/>
<trkpt lat="50.563395" lon="10.414778"/>
<trkpt lat="50.563596" lon="10.414739"/>
<trkpt lat="50.563917" lon="10.414645"/>
<trkpt lat="50.563921" lon="10.414643"/>
<trkpt lat="50.564008" lon="10.414681"/>
<trkpt lat="50.564041" lon="10.414693"/>
<trkpt lat="50.564068" lon="10.414709"/>
<trkpt lat="50.564099" lon="10.414730"/>
<trkpt lat="50.564141" lon="10.414792"/>
<trkpt lat="50.564146" lon="10.414823"/>
<trkpt lat="50.564199" lon="10.415217"/>
<trkpt lat="50.564238" lon="10.415500"/>
<trkpt lat="50.564277" lon="10.415744"/>
<trkpt lat="50.564314" lon="10.415950"/>
<trkpt lat="50.564354" lon="10.416095"/>
<trkpt lat="50.564416" lon="10.416251"/>
<trkpt lat="50.564476" lon="10.416381"/>
<trkpt lat="50.564529" lon="10.416471"/>
<trkpt lat="50.564585" lon="10.416551"/>
<trkpt lat="50.564651" lon="10.416638"/>
<trkpt lat="50.564729" lon="10.416719"/>
<trkpt lat="50.564859" lon="10.416851"/>
<trkpt lat="50.564990" lon="10.416963"/>
<trkpt lat="50.565149" lon="10.417094"/>
<trkpt lat="50.565417" lon="10.417298"/>
<trkpt lat="50.565832" lon="10.417588"/>
<trkpt lat="50.565903" lon="10.417633"/>
<trkpt lat="50.566103" lon="10.417758"/>
<trkpt lat="50.566273" lon="10.417858"/>
<trkpt lat="50.566621" lon="10.418057"/>
<trkpt lat="50.566683" lon="10.418092"/>
<trkpt lat="50.566717" lon="10.418113"/>
<trkpt lat="50.566753" lon="10.418132"/>
<trkpt lat="50.566848" lon="10.418186"/>
<trkpt lat="50.566976" lon="10.418258"/>
<trkpt lat="50.567061" lon="10.418303"/>
<trkpt lat="50.567109" lon="10.418329"/>
<trkpt lat="50.567330" lon="10.418446"/>
<trkpt lat="50.567602" lon="10.418586"/>
<trkpt lat="50.567735" lon="10.418642"/>
<trkpt lat="50.567859" lon="10.418690"/>
<trkpt lat="50.567923" lon="10.418716"/>
<trkpt lat="50.568099" lon="10.418783"/>
<trkpt lat="50.568166" lon="10.418809"/>
<trkpt lat="50.568338" lon="10.418877"/>
<trkpt lat="50.568474" lon="10.418912"/>
<trkpt lat="50.568514" lon="10.418923"/>
<trkpt lat="50.568629" lon="10.418954"/>
<trkpt lat="50.568696" lon="10.418974"/>
<trkpt lat="50.568833" lon="10.418999"/>
<trkpt lat="50.568890" lon="10.419004"/>
<trkpt lat="50.568952" lon="10.419011"/>
<trkpt lat="50.569155" lon="10.419008"/>
<trkpt lat="50.569194" lon="10.419006"/>
<trkpt lat="50.569236" lon="10.419001"/>
<trkpt lat="50.569292" lon="10.418991"/>
<trkpt lat="50.569391" lon="10.418959"/>
<trkpt lat="50.569442" lon="10.418936"/>
<trkpt lat="50.569555" lon="10.418884"/>
<trkpt lat="50.569641" lon="10.418827"/>
<trkpt lat="50.569771" lon="10.418717"/>
<trkpt lat="50.569864" lon="10.418638"/>
<trkpt lat="50.569889" lon="10.418620"/>
<trkpt lat="50.569948" lon="10.418577"/>
<trkpt lat="50.570071" lon="10.418515"/>
<trkpt lat="50.570222" lon="10.418469"/>
<trkpt lat="50.570857" lon="10.418420"/>
<trkpt lat="50.570876" lon="10.418419"/>
<trkpt lat="50.570905" lon="10.418416"/>
<trkpt lat="50.570959" lon="10.418414"/>
<trkpt lat="50.571047" lon="10.418410"/>
<trkpt lat="50.571042" lon="10.418172"/>
<trkpt lat="50.571039" lon="10.418117"/>
<trkpt lat="50.571035" lon="10.417988"/>
<trkpt lat="50.571032" lon="10.417852"/>
<trkpt lat="50.571030" lon="10.417706"/>
<trkpt lat="50.571024" lon="10.417524"/>
<trkpt lat="50.571019" lon="10.417352"/>
<trkpt lat="50.571010" lon="10.417027"/>
<trkpt lat="50.571006" lon="10.416822"/>
<trkpt lat="50.571003" lon="10.416709"/>
<trkpt lat="50.571003" lon="10.416574"/>
<trkpt lat="50.571009" lon="10.416486"/>
<trkpt lat="50.571023" lon="10.416340"/>
<trkpt lat="50.571043" lon="10.416216"/>
<trkpt lat="50.571070" lon="10.416107"/>
<trkpt lat="50.571111" lon="10.416012"/>
<trkpt lat="50.571164" lon="10.415912"/>
<trkpt lat="50.571212" lon="10.415853"/>
<trkpt lat="50.571256" lon="10.415811"/>
<trkpt lat="50.571331" lon="10.415773"/>
<trkpt lat="50.571413" lon="10.415752"/>
<trkpt lat="50.571536" lon="10.415741"/>
<trkpt lat="50.571587" lon="10.415737"/>
<trkpt lat="50.571655" lon="10.415737"/>
<trkpt lat="50.571786" lon="10.415729"/>
<trkpt lat="50.572035" lon="10.415714"/>
<trkpt lat="50.572164" lon="10.415706"/>
<trkpt lat="50.572358" lon="10.415695"/>
<trkpt lat="50.572577" lon="10.415681"/>
<trkpt lat="50.572923" lon="10.415660"/>
<trkpt lat="50.572989" lon="10.415657"/>
<trkpt lat="50.573270" lon="10.415643"/>
<trkpt lat="50.573506" lon="10.415631"/>
<trkpt lat="50.573794" lon="10.415624"/>
<trkpt lat="50.573809" lon="10.415625"/>
<trkpt lat="50.573824" lon="10.415626"/>
<trkpt lat="50.573858" lon="10.415629"/>
<trkpt lat="50.574003" lon="10.415665"/>
<trkpt lat="50.574139" lon="10.415711"/>
<trkpt lat="50.574169" lon="10.415719"/>
<trkpt lat="50.574218" lon="10.415737"/>
<trkpt lat="50.574291" lon="10.415759"/>
<trkpt lat="50.574529" lon="10.415826"/>
<trkpt lat="50.574677" lon="10.415865"/>
<trkpt lat="50.574883" lon="10.415921"/>
<trkpt lat="50.575131" lon="10.415989"/>
<trkpt lat="50.575401" lon="10.416062"/>
<trkpt lat="50.575594" lon="10.416114"/>
<trkpt lat="50.575638" lon="10.416126"/>
<trkpt lat="50.575808" lon="10.416172"/>
<trkpt lat="50.575894" lon="10.416199"/>
<trkpt lat="50.575991" lon="10.416226"/>
<trkpt lat="50.576174" lon="10.416283"/>
<trkpt lat="50.576298" lon="10.416323"/>
<trkpt lat="50.576490" lon="10.416371"/>
<trkpt lat="50.576605" lon="10.416409"/>
<trkpt lat="50.576682" lon="10.416450"/>
<trkpt lat="50.576757" lon="10.416515"/>
<trkpt lat="50.576863" lon="10.416616"/>
<trkpt lat="50.577078" lon="10.416847"/>
<trkpt lat="50.577137" lon="10.416912"/>
<trkpt lat="50.577168" lon="10.416941"/>
<trkpt lat="50.577222" lon="10.416991"/>
<trkpt lat="50.577516" lon="10.417230"/>
<trkpt lat="50.577792" lon="10.417419"/>
<trkpt lat="50.578057" lon="10.417576"/>
<trkpt lat="50.578130" lon="10.417613"/>
<trkpt lat="50.578475" lon="10.417776"/>
<trkpt lat="50.578512" lon="10.417794"/>
<trkpt lat="50.578614" lon="10.417842"/>
<trkpt lat="50.578707" lon="10.417877"/>
<trkpt lat="50.578880" lon="10.417938"/>
<trkpt lat="50.578922" lon="10.417952"/>
<trkpt lat="50.579103" lon="10.417997"/>
<trkpt lat="50.579305" lon="10.418036"/>
<trkpt lat="50.579454" lon="10.418064"/>
<trkpt lat="50.579540" lon="10.418072"/>
<trkpt lat="50.579623" lon="10.418077"/>
<trkpt lat="50.579707" lon="10.418077"/>
<trkpt lat="50.579795" lon="10.418073"/>
<trkpt lat="50.579873" lon="10.418061"/>
<trkpt lat="50.579948" lon="10.418044"/>
<trkpt lat="50.580019" lon="10.418027"/>
<trkpt lat="50.580150" lon="10.417985"/>
<trkpt lat="50.580296" lon="10.417919"/>
<trkpt lat="50.580326" lon="10.417899"/>
<trkpt lat="50.580440" lon="10.417813"/>
<trkpt lat="50.580508" lon="10.417753"/>
<trkpt lat="50.580562" lon="10.417705"/>
<trkpt lat="50.580681" lon="10.417591"/>
<trkpt lat="50.580935" lon="10.417341"/>
<trkpt lat="50.581034" lon="10.417249"/>
<trkpt lat="50.581061" lon="10.417226"/>
<trkpt lat="50.581101" lon="10.417190"/>
<trkpt lat="50.581179" lon="10.417135"/>
<trkpt lat="50.581279" lon="10.417105"/>
<trkpt lat="50.581343" lon="10.417099"/>
<trkpt lat="50.581399" lon="10.417105"/>
<trkpt lat="50.581443" lon="10.417117"/>
<trkpt lat="50.581486" lon="10.417135"/>
<trkpt lat="50.581584" lon="10.417192"/>
<trkpt lat="50.581599" lon="10.417200"/>
<trkpt lat="50.581677" lon="10.417255"/>
<trkpt lat="50.581786" lon="10.417327"/>
<trkpt lat="50.581704" lon="10.417515"/>
<trkpt lat="50.581687" lon="10.417548"/>
<trkpt lat="50.581094" lon="10.418665"/>
<trkpt lat="50.581073" lon="10.418709"/>
<trkpt lat="50.581058" lon="10.418756"/>
<trkpt lat="50.581052" lon="10.418806"/>
<trkpt lat="50.581048" lon="10.418859"/>
<trkpt lat="50.581055" lon="10.418920"/>
<trkpt lat="50.581073" lon="10.418993"/>
<trkpt lat="50.581207" lon="10.419503"/>
<trkpt lat="50.581473" lon="10.420368"/>
<trkpt lat="50.581541" lon="10.420592"/>
<trkpt lat="50.581591" lon="10.420766"/>
<trkpt lat="50.581635" lon="10.420940"/>
<trkpt lat="50.581608" lon="10.420959"/>
<trkpt lat="50.581380" lon="10.421093"/>
<trkpt lat="50.581300" lon="10.421141"/>
<trkpt lat="50.581055" lon="10.421269"/>
<trkpt lat="50.580517" lon="10.421567"/>
<trkpt lat="50.580469" lon="10.421593"/>
<trkpt lat="50.579596" lon="10.421965"/>
<trkpt lat="50.578977" lon="10.422231"/>
<trkpt lat="50.578750" lon="10.422341"/>
<trkpt lat="50.578604" lon="10.422401"/>
<trkpt lat="50.578551" lon="10.422427"/>
<trkpt lat="50.578491" lon="10.422495"/>
<trkpt lat="50.578398" lon="10.422600"/>
<trkpt lat="50.578299" lon="10.422515"/>
<trkpt lat="50.578238" lon="10.422507"/>
<trkpt lat="50.577675" lon="10.422638"/>
<trkpt lat="50.577631" lon="10.422646"/>
<trkpt lat="50.577593" lon="10.422662"/>
<trkpt lat="50.577577" lon="10.422537"/>
<trkpt lat="50.577522" lon="10.422060"/>
<trkpt lat="50.577491" lon="10.421770"/>
<trkpt lat="50.577477" lon="10.421654"/>
<trkpt lat="50.577457" lon="10.421416"/>
<trkpt lat="50.577443" lon="10.421338"/>
<trkpt lat="50.577415" lon="10.421215"/>
<trkpt lat="50.577397" lon="10.421155"/>
<trkpt lat="50.577371" lon="10.421080"/>
<trkpt lat="50.577318" lon="10.420913"/>
<trkpt lat="50.577262" lon="10.420692"/>
<trkpt lat="50.577089" lon="10.419897"/>
<trkpt lat="50.577064" lon="10.419778"/>
<trkpt lat="50.577060" lon="10.419757"/>
<trkpt lat="50.577043" lon="10.419654"/>
<trkpt lat="50.576634" lon="10.419680"/>
<trkpt lat="50.576437" lon="10.419694"/>
<trkpt lat="50.576395" lon="10.419697"/>
<trkpt lat="50.576357" lon="10.419699"/>
<trkpt lat="50.576360" lon="10.419562"/>
<trkpt lat="50.576388" lon="10.417799"/>
<trkpt lat="50.576400" lon="10.417251"/>
<trkpt lat="50.576417" lon="10.417092"/>
<trkpt lat="50.576424" lon="10.417020"/>
<trkpt lat="50.576436" lon="10.416918"/>
<trkpt lat="50.576448" lon="10.416689"/>
<trkpt lat="50.576459" lon="10.416450"/>
<trkpt lat="50.576490" lon="10.416371"/>
<trkpt lat="50.576298" lon="10.416323"/>
<trkpt lat="50.576174" lon="10.416283"/>
<trkpt lat="50.575991" lon="10.416226"/>
<trkpt lat="50.575894" lon="10.416199"/>
<trkpt lat="50.575808" lon="10.416172"/>
<trkpt lat="50.575638" lon="10.416126"/>
<trkpt lat="50.575594" lon="10.416114"/>
<trkpt lat="50.575401" lon="10.416062"/>
<trkpt lat="50.575131" lon="10.415989"/>
<trkpt lat="50.574883" lon="10.415921"/>
<trkpt lat="50.574677" lon="10.415865"/>
<trkpt lat="50.574529" lon="10.415826"/>
<trkpt lat="50.574291" lon="10.415759"/>
<trkpt lat="50.574218" lon="10.415737"/>
<trkpt lat="50.574169" lon="10.415719"/>
<trkpt lat="50.574139" lon="10.415711"/>
<trkpt lat="50.574003" lon="10.415665"/>
<trkpt lat="50.574018" lon="10.415516"/>
<trkpt lat="50.574028" lon="10.415435"/>
<trkpt lat="50.574042" lon="10.415356"/>
<trkpt lat="50.574062" lon="10.415251"/>
<trkpt lat="50.574090" lon="10.415163"/>
<trkpt lat="50.574101" lon="10.415132"/>
<trkpt lat="50.574129" lon="10.415071"/>
<trkpt lat="50.574456" lon="10.414395"/>
<trkpt lat="50.574471" lon="10.414365"/>
<trkpt lat="50.574492" lon="10.414326"/>
<trkpt lat="50.574555" lon="10.414214"/>
<trkpt lat="50.574586" lon="10.414164"/>
<trkpt lat="50.574646" lon="10.414069"/>
<trkpt lat="50.574690" lon="10.414002"/>
<trkpt lat="50.574773" lon="10.413869"/>
<trkpt lat="50.574826" lon="10.413777"/>
<trkpt lat="50.574872" lon="10.413694"/>
<trkpt lat="50.574915" lon="10.413611"/>
<trkpt lat="50.575126" lon="10.413174"/>
<trkpt lat="50.575250" lon="10.412913"/>
<trkpt lat="50.575297" lon="10.412814"/>
<trkpt lat="50.575414" lon="10.412570"/>
<trkpt lat="50.575530" lon="10.412329"/>
<trkpt lat="50.575588" lon="10.412208"/>
<trkpt lat="50.575618" lon="10.412143"/>
<trkpt lat="50.575822" lon="10.411721"/>
<trkpt lat="50.575839" lon="10.411687"/>
<trkpt lat="50.575944" lon="10.411470"/>
<trkpt lat="50.576003" lon="10.411348"/>
<trkpt lat="50.576030" lon="10.411291"/>
<trkpt lat="50.576045" lon="10.411260"/>
<trkpt lat="50.576061" lon="10.411227"/>
<trkpt lat="50.576092" lon="10.411156"/>
<trkpt lat="50.576124" lon="10.411072"/>
<trkpt lat="50.576146" lon="10.410995"/>
<trkpt lat="50.576162" lon="10.410911"/>
<trkpt lat="50.576171" lon="10.410848"/>
<trkpt lat="50.576183" lon="10.410708"/>
<trkpt lat="50.576204" lon="10.410346"/>
<trkpt lat="50.576220" lon="10.409941"/>
<trkpt lat="50.576225" lon="10.409703"/>
<trkpt lat="50.576221" lon="10.409468"/>
<trkpt lat="50.576221" lon="10.409355"/>
<trkpt lat="50.576182" lon="10.408554"/>
<trkpt lat="50.576177" lon="10.408361"/>
<trkpt lat="50.576177" lon="10.408294"/>
<trkpt lat="50.576188" lon="10.408189"/>
<trkpt lat="50.576205" lon="10.408085"/>
<trkpt lat="50.576222" lon="10.408021"/>
<trkpt lat="50.576254" lon="10.407961"/>
<trkpt lat="50.576285" lon="10.407916"/>
<trkpt lat="50.576324" lon="10.407890"/>
<trkpt lat="50.576383" lon="10.407870"/>
<trkpt lat="50.576484" lon="10.407864"/>
<trkpt lat="50.576880" lon="10.407940"/>
<trkpt lat="50.577046" lon="10.407963"/>
<trkpt lat="50.577139" lon="10.407969"/>
<trkpt lat="50.577216" lon="10.407958"/>
<trkpt lat="50.577299" lon="10.407941"/>
<trkpt lat="50.577385" lon="10.407910"/>
<trkpt lat="50.577432" lon="10.407888"/>
<trkpt lat="50.577484" lon="10.407866"/>
<trkpt lat="50.577564" lon="10.407820"/>
<trkpt lat="50.577835" lon="10.407609"/>
<trkpt lat="50.578000" lon="10.407483"/>
<trkpt lat="50.578058" lon="10.407448"/>
<trkpt lat="50.578110" lon="10.407426"/>
<trkpt lat="50.578210" lon="10.407392"/>
<trkpt lat="50.578302" lon="10.407368"/>
<trkpt lat="50.578430" lon="10.407341"/>
<trkpt lat="50.578683" lon="10.407294"/>
<trkpt lat="50.578825" lon="10.407268"/>
<trkpt lat="50.579066" lon="10.407223"/>
<trkpt lat="50.579680" lon="10.407037"/>
<trkpt lat="50.579827" lon="10.406994"/>
<trkpt lat="50.579900" lon="10.406975"/>
<trkpt lat="50.579974" lon="10.406967"/>
<trkpt lat="50.580049" lon="10.406969"/>
<trkpt lat="50.580140" lon="10.406985"/>
<trkpt lat="50.580293" lon="10.407028"/>
<trkpt lat="50.580455" lon="10.407080"/>
<trkpt lat="50.580619" lon="10.407128"/>
<trkpt lat="50.580733" lon="10.407160"/>
<trkpt lat="50.580849" lon="10.407174"/>
<trkpt lat="50.580955" lon="10.407174"/>
<trkpt lat="50.581065" lon="10.407162"/>
<trkpt lat="50.581369" lon="10.407130"/>
<trkpt lat="50.581850" lon="10.407075"/>
<trkpt lat="50.582276" lon="10.407031"/>
<trkpt lat="50.582494" lon="10.407007"/>
<trkpt lat="50.582561" lon="10.406994"/>
<trkpt lat="50.582626" lon="10.406979"/>
<trkpt lat="50.582734" lon="10.406940"/>
<trkpt lat="50.582890" lon="10.406865"/>
<trkpt lat="50.583007" lon="10.406801"/>
<trkpt lat="50.583038" lon="10.406784"/>
<trkpt lat="50.583199" lon="10.406697"/>
<trkpt lat="50.583339" lon="10.406615"/>
<trkpt lat="50.583419" lon="10.406555"/>
<trkpt lat="50.583477" lon="10.406504"/>
<trkpt lat="50.583856" lon="10.406114"/>
<trkpt lat="50.583992" lon="10.405973"/>
<trkpt lat="50.584090" lon="10.405866"/>
<trkpt lat="50.584304" lon="10.405615"/>
<trkpt lat="50.584661" lon="10.405133"/>
<trkpt lat="50.584749" lon="10.405012"/>
<trkpt lat="50.584854" lon="10.404871"/>
<trkpt lat="50.584975" lon="10.404708"/>
<trkpt lat="50.584993" lon="10.404683"/>
<trkpt lat="50.585384" lon="10.404186"/>
<trkpt lat="50.585642" lon="10.403923"/>
<trkpt lat="50.585729" lon="10.403838"/>
<trkpt lat="50.586273" lon="10.403357"/>
<trkpt lat="50.587553" lon="10.402241"/>
<trkpt lat="50.588843" lon="10.401120"/>
<trkpt lat="50.589454" lon="10.400587"/>
<trkpt lat="50.589744" lon="10.400332"/>
<trkpt lat="50.590193" lon="10.399933"/>
<trkpt lat="50.591005" lon="10.399228"/>
<trkpt lat="50.591483" lon="10.398810"/>
<trkpt lat="50.591861" lon="10.398491"/>
<trkpt lat="50.591934" lon="10.398427"/>
<trkpt lat="50.591996" lon="10.398385"/>
<trkpt lat="50.592148" lon="10.398300"/>
<trkpt lat="50.592361" lon="10.398200"/>
<trkpt lat="50.592772" lon="10.398030"/>
<trkpt lat="50.594431" lon="10.397345"/>
<trkpt lat="50.594711" lon="10.397229"/>
<trkpt lat="50.594957" lon="10.397118"/>
<trkpt lat="50.595040" lon="10.397067"/>
<trkpt lat="50.595088" lon="10.397032"/>
<trkpt lat="50.595128" lon="10.396997"/>
<trkpt lat="50.595165" lon="10.396953"/>
<trkpt lat="50.595175" lon="10.396942"/>
<trkpt lat="50.595220" lon="10.396881"/>
<trkpt lat="50.595274" lon="10.396807"/>
<trkpt lat="50.595305" lon="10.396755"/>
<trkpt lat="50.595353" lon="10.396668"/>
<trkpt lat="50.595397" lon="10.396578"/>
<trkpt lat="50.595411" lon="10.396549"/>
<trkpt lat="50.595439" lon="10.396493"/>
<trkpt lat="50.595782" lon="10.395831"/>
<trkpt lat="50.596112" lon="10.395207"/>
<trkpt lat="50.597261" lon="10.393035"/>
<trkpt lat="50.597816" lon="10.391979"/>
<trkpt lat="50.598043" lon="10.391579"/>
<trkpt lat="50.598127" lon="10.391447"/>
<trkpt lat="50.598194" lon="10.391348"/>
<trkpt lat="50.598885" lon="10.390383"/>
<trkpt lat="50.599118" lon="10.390058"/>
<trkpt lat="50.599346" lon="10.389787"/>
<trkpt lat="50.599882" lon="10.389203"/>
<trkpt lat="50.600074" lon="10.389011"/>
<trkpt lat="50.600187" lon="10.388918"/>
<trkpt lat="50.600245" lon="10.388879"/>
<trkpt lat="50.600331" lon="10.388839"/>
<trkpt lat="50.600492" lon="10.388797"/>
<trkpt lat="50.600951" lon="10.388678"/>
<trkpt lat="50.601036" lon="10.388644"/>
<trkpt lat="50.601171" lon="10.388574"/>
<trkpt lat="50.601349" lon="10.388433"/>
<trkpt lat="50.601449" lon="10.388308"/>
<trkpt lat="50.601482" lon="10.388263"/>
<trkpt lat="50.601581" lon="10.388099"/>
<trkpt lat="50.601649" lon="10.387990"/>
<trkpt lat="50.602452" lon="10.386604"/>
<trkpt lat="50.602568" lon="10.386393"/>
<trkpt lat="50.602646" lon="10.386208"/>
<trkpt lat="50.602701" lon="10.386050"/>
<trkpt lat="50.602747" lon="10.385844"/>
<trkpt lat="50.602767" lon="10.385693"/>
<trkpt lat="50.602775" lon="10.385593"/>
<trkpt lat="50.602779" lon="10.385477"/>
<trkpt lat="50.602771" lon="10.385264"/>
<trkpt lat="50.602759" lon="10.385120"/>
<trkpt lat="50.602688" lon="10.384250"/>
<trkpt lat="50.602666" lon="10.383863"/>
<trkpt lat="50.602672" lon="10.383671"/>
<trkpt lat="50.602692" lon="10.383473"/>
<trkpt lat="50.602794" lon="10.382892"/>
<trkpt lat="50.602970" lon="10.381944"/>
<trkpt lat="50.603254" lon="10.380350"/>
<trkpt lat="50.603321" lon="10.380008"/>
<trkpt lat="50.603400" lon="10.379651"/>
<trkpt lat="50.603421" lon="10.379582"/>
<trkpt lat="50.603492" lon="10.379360"/>
<trkpt lat="50.603569" lon="10.379173"/>
<trkpt lat="50.603658" lon="10.379004"/>
<trkpt lat="50.603507" lon="10.378853"/>
</trkseg></trk>
<trk><name>Etappe 2 Meiningen–Berghaus Rhön</name><trkseg>
<trkpt lat="50.603507" lon="10.378853"/>
<trkpt lat="50.603658" lon="10.379004"/>
<trkpt lat="50.603760" lon="10.378839"/>
<trkpt lat="50.603905" lon="10.378616"/>
<trkpt lat="50.603969" lon="10.378520"/>
<trkpt lat="50.604102" lon="10.378319"/>
<trkpt lat="50.604184" lon="10.378159"/>
<trkpt lat="50.604208" lon="10.378085"/>
<trkpt lat="50.604221" lon="10.378020"/>
<trkpt lat="50.604225" lon="10.377904"/>
<trkpt lat="50.604206" lon="10.377795"/>
<trkpt lat="50.604123" lon="10.377584"/>
<trkpt lat="50.603963" lon="10.377214"/>
<trkpt lat="50.603904" lon="10.377105"/>
<trkpt lat="50.603770" lon="10.376863"/>
<trkpt lat="50.603742" lon="10.376821"/>
<trkpt lat="50.603710" lon="10.376772"/>
<trkpt lat="50.603576" lon="10.376577"/>
<trkpt lat="50.602814" lon="10.375451"/>
<trkpt lat="50.602764" lon="10.375392"/>
<trkpt lat="50.602711" lon="10.375329"/>
<trkpt lat="50.602681" lon="10.375293"/>
<trkpt lat="50.602540" lon="10.375153"/>
<trkpt lat="50.602358" lon="10.374990"/>
<trkpt lat="50.602133" lon="10.374780"/>
<trkpt lat="50.601999" lon="10.374636"/>
<trkpt lat="50.601906" lon="10.374517"/>
<trkpt lat="50.601754" lon="10.374286"/>
<trkpt lat="50.601631" lon="10.374099"/>
<trkpt lat="50.601509" lon="10.373955"/>
<trkpt lat="50.601306" lon="10.373761"/>
<trkpt lat="50.601113" lon="10.373605"/>
<trkpt lat="50.600778" lon="10.373288"/>
<trkpt lat="50.600718" lon="10.373183"/>
<trkpt lat="50.600684" lon="10.373110"/>
<trkpt lat="50.600436" lon="10.372556"/>
<trkpt lat="50.600421" lon="10.372519"/>
<trkpt lat="50.600373" lon="10.372409"/>
<trkpt lat="50.600262" lon="10.372109"/>
<trkpt lat="50.600149" lon="10.371762"/>
<trkpt lat="50.600122" lon="10.371673"/>
<trkpt lat="50.600097" lon="10.371540"/>
<trkpt lat="50.600055" lon="10.371189"/>
<trkpt lat="50.600023" lon="10.370554"/>
<trkpt lat="50.599991" lon="10.370354"/>
<trkpt lat="50.599828" lon="10.370049"/>
<trkpt lat="50.599761" lon="10.369924"/>
<trkpt lat="50.599638" lon="10.369718"/>
<trkpt lat="50.599493" lon="10.369421"/>
<trkpt lat="50.599122" lon="10.368644"/>
<trkpt lat="50.598960" lon="10.368349"/>
<trkpt lat="50.598726" lon="10.368068"/>
<trkpt lat="50.598341" lon="10.367702"/>
<trkpt lat="50.597953" lon="10.367435"/>
<trkpt lat="50.597469" lon="10.367240"/>
<trkpt lat="50.597065" lon="10.367122"/>
<trkpt lat="50.595801" lon="10.366697"/>
<trkpt lat="50.595403" lon="10.366481"/>
<trkpt lat="50.594996" lon="10.366145"/>
<trkpt lat="50.594739" lon="10.365818"/>
<trkpt lat="50.594482" lon="10.365342"/>
<trkpt lat="50.594228" lon="10.364655"/>
<trkpt lat="50.594061" lon="10.363952"/>
<trkpt lat="50.593985" lon="10.363431"/>
<trkpt lat="50.593917" lon="10.362661"/>
<trkpt lat="50.593864" lon="10.361716"/>
<trkpt lat="50.593838" lon="10.361333"/>
<trkpt lat="50.593812" lon="10.361068"/>
<trkpt lat="50.593766" lon="10.360803"/>
<trkpt lat="50.593708" lon="10.360503"/>
<trkpt lat="50.593547" lon="10.359834"/>
<trkpt lat="50.593461" lon="10.359508"/>
<trkpt lat="50.593391" lon="10.359281"/>
<trkpt lat="50.593317" lon="10.359073"/>
<trkpt lat="50.593212" lon="10.358834"/>
<trkpt lat="50.592935" lon="10.358283"/>
<trkpt lat="50.592564" lon="10.357572"/>
<trkpt lat="50.592381" lon="10.357240"/>
<trkpt lat="50.592261" lon="10.357075"/>
<trkpt lat="50.592105" lon="10.356873"/>
<trkpt lat="50.591880" lon="10.356622"/>
<trkpt lat="50.591508" lon="10.356208"/>
<trkpt lat="50.591276" lon="10.355961"/>
<trkpt lat="50.591140" lon="10.355833"/>
<trkpt lat="50.591000" lon="10.355730"/>
<trkpt lat="50.590856" lon="10.355635"/>
<trkpt lat="50.590666" lon="10.355533"/>
<trkpt lat="50.590441" lon="10.355428"/>
<trkpt lat="50.590315" lon="10.355350"/>
<trkpt lat="50.590212" lon="10.355265"/>
<trkpt lat="50.590112" lon="10.355171"/>
<trkpt lat="50.589925" lon="10.354956"/>
<trkpt lat="50.589600" lon="10.354532"/>
<trkpt lat="50.589510" lon="10.354403"/>
<trkpt lat="50.589316" lon="10.354110"/>
<trkpt lat="50.589263" lon="10.353996"/>
<trkpt lat="50.589214" lon="10.353878"/>
<trkpt lat="50.589093" lon="10.353521"/>
<trkpt lat="50.588871" lon="10.352863"/>
<trkpt lat="50.588588" lon="10.352069"/>
<trkpt lat="50.588501" lon="10.351850"/>
<trkpt lat="50.588328" lon="10.351470"/>
<trkpt lat="50.588083" lon="10.351030"/>
<trkpt lat="50.587923" lon="10.350740"/>
<trkpt lat="50.587799" lon="10.350408"/>
<trkpt lat="50.587663" lon="10.349954"/>
<trkpt lat="50.587549" lon="10.349646"/>
<trkpt lat="50.587275" lon="10.349102"/>
<trkpt lat="50.587080" lon="10.348602"/>
<trkpt lat="50.586900" lon="10.348094"/>
<trkpt lat="50.586810" lon="10.347822"/>
<trkpt lat="50.586684" lon="10.347531"/>
<trkpt lat="50.586482" lon="10.347183"/>
<trkpt lat="50.586132" lon="10.346677"/>
<trkpt lat="50.585724" lon="10.346178"/>
<trkpt lat="50.584965" lon="10.345225"/>
<trkpt lat="50.584728" lon="10.344927"/>
<trkpt lat="50.584606" lon="10.344710"/>
<trkpt lat="50.584493" lon="10.344433"/>
<trkpt lat="50.584430" lon="10.344240"/>
<trkpt lat="50.584363" lon="10.344022"/>
<trkpt lat="50.584306" lon="10.343756"/>
<trkpt lat="50.584265" lon="10.343523"/>
<trkpt lat="50.584232" lon="10.343259"/>
<trkpt lat="50.584194" lon="10.342912"/>
<trkpt lat="50.584164" lon="10.342636"/>
<trkpt lat="50.584150" lon="10.342440"/>
<trkpt lat="50.584144" lon="10.342225"/>
<trkpt lat="50.584152" lon="10.341940"/>
<trkpt lat="50.584175" lon="10.341595"/>
<trkpt lat="50.584145" lon="10.341588"/>
<trkpt lat="50.584036" lon="10.341582"/>
<trkpt lat="50.583946" lon="10.341616"/>
<trkpt lat="50.583876" lon="10.341641"/>
<trkpt lat="50.583304" lon="10.342029"/>
<trkpt lat="50.583243" lon="10.342059"/>
<trkpt lat="50.583187" lon="10.342080"/>
<trkpt lat="50.583128" lon="10.342053"/>
<trkpt lat="50.583080" lon="10.341936"/>
<trkpt lat="50.583059" lon="10.341711"/>
<trkpt lat="50.583022" lon="10.341485"/>
<trkpt lat="50.582960" lon="10.341299"/>
<trkpt lat="50.582920" lon="10.341203"/>
<trkpt lat="50.582863" lon="10.341089"/>
<trkpt lat="50.582696" lon="10.340796"/>
<trkpt lat="50.582666" lon="10.340723"/>
<trkpt lat="50.582594" lon="10.340544"/>
<trkpt lat="50.581796" lon="10.339261"/>
<trkpt lat="50.581627" lon="10.339006"/>
<trkpt lat="50.581361" lon="10.338633"/>
<trkpt lat="50.581270" lon="10.338472"/>
<trkpt lat="50.581192" lon="10.338332"/>
<trkpt lat="50.581074" lon="10.338038"/>
<trkpt lat="50.581014" lon="10.337917"/>
<trkpt lat="50.580968" lon="10.337837"/>
<trkpt lat="50.580927" lon="10.337792"/>
<trkpt lat="50.580877" lon="10.337755"/>
<trkpt lat="50.578885" lon="10.337101"/>
<trkpt lat="50.577733" lon="10.336730"/>
<trkpt lat="50.577341" lon="10.336619"/>
<trkpt lat="50.577313" lon="10.336621"/>
<trkpt lat="50.577283" lon="10.336628"/>
<trkpt lat="50.576071" lon="10.336206"/>
<trkpt lat="50.576013" lon="10.336158"/>
<trkpt lat="50.575968" lon="10.336081"/>
<trkpt lat="50.575757" lon="10.335149"/>
<trkpt lat="50.575680" lon="10.334917"/>
<trkpt lat="50.575610" lon="10.334833"/>
<trkpt lat="50.575592" lon="10.334812"/>
<trkpt lat="50.575620" lon="10.334627"/>
<trkpt lat="50.575629" lon="10.334478"/>
<trkpt lat="50.575641" lon="10.334278"/>
<trkpt lat="50.575603" lon="10.334270"/>
<trkpt lat="50.575575" lon="10.334250"/>
<trkpt lat="50.575538" lon="10.334213"/>
<trkpt lat="50.575510" lon="10.334162"/>
<trkpt lat="50.575176" lon="10.333414"/>
<trkpt lat="50.575065" lon="10.333162"/>
<trkpt lat="50.575024" lon="10.333091"/>
<trkpt lat="50.574987" lon="10.333040"/>
<trkpt lat="50.574915" lon="10.332971"/>
<trkpt lat="50.574843" lon="10.332920"/>
<trkpt lat="50.574783" lon="10.332880"/>
<trkpt lat="50.574712" lon="10.332845"/>
<trkpt lat="50.574626" lon="10.332805"/>
<trkpt lat="50.574538" lon="10.332773"/>
<trkpt lat="50.574242" lon="10.332674"/>
<trkpt lat="50.574155" lon="10.332646"/>
<trkpt lat="50.573817" lon="10.332527"/>
<trkpt lat="50.573781" lon="10.332513"/>
<trkpt lat="50.573657" lon="10.332464"/>
<trkpt lat="50.573635" lon="10.332456"/>
<trkpt lat="50.573230" lon="10.332265"/>
<trkpt lat="50.572378" lon="10.331844"/>
<trkpt lat="50.572223" lon="10.331757"/>
<trkpt lat="50.572088" lon="10.331663"/>
<trkpt lat="50.571934" lon="10.331528"/>
<trkpt lat="50.571801" lon="10.331371"/>
<trkpt lat="50.571739" lon="10.331296"/>
<trkpt lat="50.571576" lon="10.331065"/>
<trkpt lat="50.571499" lon="10.330966"/>
<trkpt lat="50.571400" lon="10.330848"/>
<trkpt lat="50.571214" lon="10.330657"/>
<trkpt lat="50.571123" lon="10.330572"/>
<trkpt lat="50.570966" lon="10.330405"/>
<trkpt lat="50.570715" lon="10.330152"/>
<trkpt lat="50.570378" lon="10.329816"/>
<trkpt lat="50.570223" lon="10.329674"/>
<trkpt lat="50.569794" lon="10.329284"/>
<trkpt lat="50.569422" lon="10.328921"/>
<trkpt lat="50.568810" lon="10.328302"/>
<trkpt lat="50.568722" lon="10.328210"/>
<trkpt lat="50.568666" lon="10.328154"/>
<trkpt lat="50.568337" lon="10.327790"/>
<trkpt lat="50.568135" lon="10.327499"/>
<trkpt lat="50.567951" lon="10.327177"/>
<trkpt lat="50.567542" lon="10.326438"/>
<trkpt lat="50.567289" lon="10.326025"/>
<trkpt lat="50.567116" lon="10.325780"/>
<trkpt lat="50.566799" lon="10.325384"/>
<trkpt lat="50.566505" lon="10.325026"/>
<trkpt lat="50.565430" lon="10.323720"/>
<trkpt lat="50.565331" lon="10.323565"/>
<trkpt lat="50.565231" lon="10.323379"/>
<trkpt lat="50.565136" lon="10.323160"/>
<trkpt lat="50.565097" lon="10.323071"/>
<trkpt lat="50.564394" lon="10.321460"/>
<trkpt lat="50.564278" lon="10.321205"/>
<trkpt lat="50.564148" lon="10.320960"/>
<trkpt lat="50.564011" lon="10.320737"/>
<trkpt lat="50.563099" lon="10.319478"/>
<trkpt lat="50.562497" lon="10.318804"/>
<trkpt lat="50.562426" lon="10.318724"/>
<trkpt lat="50.561732" lon="10.317947"/>
<trkpt lat="50.561522" lon="10.317705"/>
<trkpt lat="50.561295" lon="10.317497"/>
<trkpt lat="50.560745" lon="10.317098"/>
<trkpt lat="50.560568" lon="10.316969"/>
<trkpt lat="50.560382" lon="10.316829"/>
<trkpt lat="50.560210" lon="10.316679"/>
<trkpt lat="50.560056" lon="10.316496"/>
<trkpt lat="50.559913" lon="10.316290"/>
<trkpt lat="50.559838" lon="10.316172"/>
<trkpt lat="50.559741" lon="10.315955"/>
<trkpt lat="50.559642" lon="10.315721"/>
<trkpt lat="50.559552" lon="10.315456"/>
<trkpt lat="50.559463" lon="10.315182"/>
<trkpt lat="50.559303" lon="10.314648"/>
<trkpt lat="50.559112" lon="10.313986"/>
<trkpt lat="50.558964" lon="10.313471"/>
<trkpt lat="50.558848" lon="10.313039"/>
<trkpt lat="50.558798" lon="10.312848"/>
<trkpt lat="50.558686" lon="10.312376"/>
<trkpt lat="50.558567" lon="10.311907"/>
<trkpt lat="50.558448" lon="10.311432"/>
<trkpt lat="50.558373" lon="10.311145"/>
<trkpt lat="50.558310" lon="10.310907"/>
<trkpt lat="50.558264" lon="10.310773"/>
<trkpt lat="50.558196" lon="10.310612"/>
<trkpt lat="50.558112" lon="10.310469"/>
<trkpt lat="50.558015" lon="10.310325"/>
<trkpt lat="50.557926" lon="10.310231"/>
<trkpt lat="50.557852" lon="10.310152"/>
<trkpt lat="50.557685" lon="10.310001"/>
<trkpt lat="50.557497" lon="10.309822"/>
<trkpt lat="50.557351" lon="10.309626"/>
<trkpt lat="50.557238" lon="10.309414"/>
<trkpt lat="50.557124" lon="10.309116"/>
<trkpt lat="50.557115" lon="10.309075"/>
<trkpt lat="50.557046" lon="10.308755"/>
<trkpt lat="50.556938" lon="10.308085"/>
<trkpt lat="50.556911" lon="10.307916"/>
<trkpt lat="50.556671" lon="10.306492"/>
<trkpt lat="50.556254" lon="10.303982"/>
<trkpt lat="50.555962" lon="10.302267"/>
<trkpt lat="50.555897" lon="10.301940"/>
<trkpt lat="50.555809" lon="10.301585"/>
<trkpt lat="50.555668" lon="10.301087"/>
<trkpt lat="50.555364" lon="10.300042"/>
<trkpt lat="50.555164" lon="10.299382"/>
<trkpt lat="50.554877" lon="10.298398"/>
<trkpt lat="50.554768" lon="10.297992"/>
<trkpt lat="50.554732" lon="10.297804"/>
<trkpt lat="50.554718" lon="10.297642"/>
<trkpt lat="50.554747" lon="10.297103"/>
<trkpt lat="50.554886" lon="10.295547"/>
<trkpt lat="50.554907" lon="10.294719"/>
<trkpt lat="50.554903" lon="10.292261"/>
<trkpt lat="50.554891" lon="10.292039"/>
<trkpt lat="50.554787" lon="10.291201"/>
<trkpt lat="50.554748" lon="10.290889"/>
<trkpt lat="50.554730" lon="10.290752"/>
<trkpt lat="50.554714" lon="10.290634"/>
<trkpt lat="50.554658" lon="10.290221"/>
<trkpt lat="50.554533" lon="10.289291"/>
<trkpt lat="50.554493" lon="10.288968"/>
<trkpt lat="50.554414" lon="10.288328"/>
<trkpt lat="50.554276" lon="10.287273"/>
<trkpt lat="50.554260" lon="10.287100"/>
<trkpt lat="50.554256" lon="10.286988"/>
<trkpt lat="50.554262" lon="10.286885"/>
<trkpt lat="50.554275" lon="10.286783"/>
<trkpt lat="50.554291" lon="10.286724"/>
<trkpt lat="50.554305" lon="10.286695"/>
<trkpt lat="50.554330" lon="10.286661"/>
<trkpt lat="50.554362" lon="10.286629"/>
<trkpt lat="50.554441" lon="10.286577"/>
<trkpt lat="50.554515" lon="10.286530"/>
<trkpt lat="50.554784" lon="10.286343"/>
<trkpt lat="50.554841" lon="10.286301"/>
<trkpt lat="50.555106" lon="10.286108"/>
<trkpt lat="50.555127" lon="10.286084"/>
<trkpt lat="50.555379" lon="10.285839"/>
<trkpt lat="50.555403" lon="10.285814"/>
<trkpt lat="50.555616" lon="10.285707"/>
<trkpt lat="50.555837" lon="10.285544"/>
<trkpt lat="50.555912" lon="10.285555"/>
<trkpt lat="50.555967" lon="10.285608"/>
<trkpt lat="50.556002" lon="10.285745"/>
<trkpt lat="50.556050" lon="10.286086"/>
<trkpt lat="50.556085" lon="10.286244"/>
<trkpt lat="50.556147" lon="10.286339"/>
<trkpt lat="50.556202" lon="10.286366"/>
<trkpt lat="50.556179" lon="10.286530"/>
<trkpt lat="50.555981" lon="10.286840"/>
<trkpt lat="50.555930" lon="10.287061"/>
<trkpt lat="50.555855" lon="10.288034"/>
<trkpt lat="50.555815" lon="10.288742"/>
<trkpt lat="50.555797" lon="10.289022"/>
<trkpt lat="50.555765" lon="10.289488"/>
<trkpt lat="50.555843" lon="10.289752"/>
<trkpt lat="50.556242" lon="10.290709"/>
<trkpt lat="50.556321" lon="10.290886"/>
<trkpt lat="50.556380" lon="10.291030"/>
<trkpt lat="50.556497" lon="10.291313"/>
<trkpt lat="50.556601" lon="10.291264"/>
<trkpt lat="50.556713" lon="10.291123"/>
<trkpt lat="50.556719" lon="10.291384"/>
<trkpt lat="50.556814" lon="10.291700"/>
<trkpt lat="50.556895" lon="10.291779"/>
<trkpt lat="50.556997" lon="10.291786"/>
<trkpt lat="50.557068" lon="10.291721"/>
<trkpt lat="50.557123" lon="10.291608"/>
<trkpt lat="50.557141" lon="10.291480"/>
<trkpt lat="50.556934" lon="10.289984"/>
<trkpt lat="50.557232" lon="10.289969"/>
<trkpt lat="50.557322" lon="10.289957"/>
<trkpt lat="50.557403" lon="10.289901"/>
<trkpt lat="50.557495" lon="10.289820"/>
<trkpt lat="50.557608" lon="10.289772"/>
<trkpt lat="50.558264" lon="10.289659"/>
<trkpt lat="50.558324" lon="10.290093"/>
<trkpt lat="50.558448" lon="10.290639"/>
<trkpt lat="50.558715" lon="10.291453"/>
<trkpt lat="50.558903" lon="10.291915"/>
<trkpt lat="50.559195" lon="10.292409"/>
<trkpt lat="50.559534" lon="10.292823"/>
<trkpt lat="50.559800" lon="10.293160"/>
<trkpt lat="50.560010" lon="10.293497"/>
<trkpt lat="50.560255" lon="10.294044"/>
<trkpt lat="50.560633" lon="10.294888"/>
<trkpt lat="50.561146" lon="10.296025"/>
<trkpt lat="50.561420" lon="10.296628"/>
<trkpt lat="50.561801" lon="10.297511"/>
<trkpt lat="50.561977" lon="10.297842"/>
<trkpt lat="50.562164" lon="10.298108"/>
<trkpt lat="50.562318" lon="10.298290"/>
<trkpt lat="50.562488" lon="10.298432"/>
<trkpt lat="50.562658" lon="10.298557"/>
<trkpt lat="50.563025" lon="10.298804"/>
<trkpt lat="50.563361" lon="10.298979"/>
<trkpt lat="50.563938" lon="10.299169"/>
<trkpt lat="50.564125" lon="10.299253"/>
<trkpt lat="50.564248" lon="10.299335"/>
<trkpt lat="50.564387" lon="10.299456"/>
<trkpt lat="50.564846" lon="10.299951"/>
<trkpt lat="50.564961" lon="10.300051"/>
<trkpt lat="50.565077" lon="10.300135"/>
<trkpt lat="50.565179" lon="10.300189"/>
<trkpt lat="50.565287" lon="10.300206"/>
<trkpt lat="50.565445" lon="10.300209"/>
<trkpt lat="50.565590" lon="10.300229"/>
<trkpt lat="50.565695" lon="10.300286"/>
<trkpt lat="50.565792" lon="10.300353"/>
<trkpt lat="50.566125" lon="10.300674"/>
<trkpt lat="50.566256" lon="10.300806"/>
<trkpt lat="50.566478" lon="10.300932"/>
<trkpt lat="50.566670" lon="10.300981"/>
<trkpt lat="50.566988" lon="10.300954"/>
<trkpt lat="50.567775" lon="10.300834"/>
<trkpt lat="50.567984" lon="10.300738"/>
<trkpt lat="50.568156" lon="10.300585"/>
<trkpt lat="50.568263" lon="10.300456"/>
<trkpt lat="50.568332" lon="10.300361"/>
<trkpt lat="50.568730" lon="10.299825"/>
<trkpt lat="50.568855" lon="10.299745"/>
<trkpt lat="50.569011" lon="10.299721"/>
<trkpt lat="50.569312" lon="10.299807"/>
<trkpt lat="50.569801" lon="10.299923"/>
<trkpt lat="50.569880" lon="10.299942"/>
<trkpt lat="50.570158" lon="10.300037"/>
<trkpt lat="50.570464" lon="10.300247"/>
<trkpt lat="50.570513" lon="10.300311"/>
<trkpt lat="50.570597" lon="10.300643"/>
<trkpt lat="50.570638" lon="10.300843"/>
<trkpt lat="50.570730" lon="10.301310"/>
<trkpt lat="50.570765" lon="10.301750"/>
<trkpt lat="50.570768" lon="10.301792"/>
<trkpt lat="50.570779" lon="10.301953"/>
<trkpt lat="50.570798" lon="10.302350"/>
<trkpt lat="50.570800" lon="10.302743"/>
<trkpt lat="50.570792" lon="10.302939"/>
<trkpt lat="50.570779" lon="10.303054"/>
<trkpt lat="50.570512" lon="10.304379"/>
<trkpt lat="50.570418" lon="10.304850"/>
<trkpt lat="50.570332" lon="10.305279"/>
<trkpt lat="50.570267" lon="10.305561"/>
<trkpt lat="50.570208" lon="10.305762"/>
<trkpt lat="50.569917" lon="10.306684"/>
<trkpt lat="50.569555" lon="10.307818"/>
<trkpt lat="50.569442" lon="10.308157"/>
<trkpt lat="50.569325" lon="10.308489"/>
<trkpt lat="50.569181" lon="10.308856"/>
<trkpt lat="50.569001" lon="10.309297"/>
<trkpt lat="50.568622" lon="10.310217"/>
<trkpt lat="50.568170" lon="10.311229"/>
<trkpt lat="50.568093" lon="10.311419"/>
<trkpt lat="50.568030" lon="10.311618"/>
<trkpt lat="50.567971" lon="10.311859"/>
<trkpt lat="50.567893" lon="10.312210"/>
<trkpt lat="50.567807" lon="10.312566"/>
<trkpt lat="50.567544" lon="10.313464"/>
<trkpt lat="50.567153" lon="10.314916"/>
<trkpt lat="50.567076" lon="10.315236"/>
<trkpt lat="50.566928" lon="10.316111"/>
<trkpt lat="50.566898" lon="10.316285"/>
<trkpt lat="50.566864" lon="10.316435"/>
<trkpt lat="50.566850" lon="10.316496"/>
<trkpt lat="50.566588" lon="10.317551"/>
<trkpt lat="50.566561" lon="10.317678"/>
<trkpt lat="50.566546" lon="10.317812"/>
<trkpt lat="50.566544" lon="10.317921"/>
<trkpt lat="50.566560" lon="10.318044"/>
<trkpt lat="50.566592" lon="10.318137"/>
<trkpt lat="50.566630" lon="10.318218"/>
<trkpt lat="50.566897" lon="10.318599"/>
<trkpt lat="50.567260" lon="10.319161"/>
<trkpt lat="50.567317" lon="10.319238"/>
<trkpt lat="50.567398" lon="10.319336"/>
<trkpt lat="50.567522" lon="10.319470"/>
<trkpt lat="50.567796" lon="10.319746"/>
<trkpt lat="50.568572" lon="10.320503"/>
<trkpt lat="50.568604" lon="10.320533"/>
<trkpt lat="50.568835" lon="10.320756"/>
<trkpt lat="50.569020" lon="10.320945"/>
<trkpt lat="50.569141" lon="10.321082"/>
<trkpt lat="50.569343" lon="10.321343"/>
<trkpt lat="50.569658" lon="10.321792"/>
<trkpt lat="50.569878" lon="10.322089"/>
<trkpt lat="50.570078" lon="10.322339"/>
<trkpt lat="50.570194" lon="10.322466"/>
<trkpt lat="50.570283" lon="10.322568"/>
<trkpt lat="50.570361" lon="10.322664"/>
<trkpt lat="50.570426" lon="10.322756"/>
<trkpt lat="50.570645" lon="10.323127"/>
<trkpt lat="50.570764" lon="10.323317"/>
<trkpt lat="50.570887" lon="10.323477"/>
<trkpt lat="50.571252" lon="10.323940"/>
<trkpt lat="50.571699" lon="10.324452"/>
<trkpt lat="50.571766" lon="10.324525"/>
<trkpt lat="50.571870" lon="10.324621"/>
<trkpt lat="50.572247" lon="10.324943"/>
<trkpt lat="50.573192" lon="10.325725"/>
<trkpt lat="50.573482" lon="10.325970"/>
<trkpt lat="50.573696" lon="10.326158"/>
<trkpt lat="50.573782" lon="10.326248"/>
<trkpt lat="50.573919" lon="10.326400"/>
<trkpt lat="50.574048" lon="10.326563"/>
<trkpt lat="50.574195" lon="10.326742"/>
<trkpt lat="50.574358" lon="10.326940"/>
<trkpt lat="50.574486" lon="10.327083"/>
<trkpt lat="50.574614" lon="10.327206"/>
<trkpt lat="50.574718" lon="10.327291"/>
<trkpt lat="50.574997" lon="10.327495"/>
<trkpt lat="50.575273" lon="10.327702"/>
<trkpt lat="50.575446" lon="10.327838"/>
<trkpt lat="50.575917" lon="10.328258"/>
<trkpt lat="50.576268" lon="10.328604"/>
<trkpt lat="50.576552" lon="10.328823"/>
<trkpt lat="50.576768" lon="10.328984"/>
<trkpt lat="50.576835" lon="10.329033"/>
<trkpt lat="50.577233" lon="10.329321"/>
<trkpt lat="50.577325" lon="10.329379"/>
<trkpt lat="50.577394" lon="10.329423"/>
<trkpt lat="50.577565" lon="10.329499"/>
<trkpt lat="50.577916" lon="10.329659"/>
<trkpt lat="50.578024" lon="10.329724"/>
<trkpt lat="50.578092" lon="10.329778"/>
<trkpt lat="50.578158" lon="10.329853"/>
<trkpt lat="50.578191" lon="10.329901"/>
<trkpt lat="50.578351" lon="10.330175"/>
<trkpt lat="50.578563" lon="10.330573"/>
<trkpt lat="50.578578" lon="10.330600"/>
<trkpt lat="50.578710" lon="10.330855"/>
<trkpt lat="50.578733" lon="10.330894"/>
<trkpt lat="50.578759" lon="10.330929"/>
<trkpt lat="50.578799" lon="10.330876"/>
<trkpt lat="50.578843" lon="10.330834"/>
<trkpt lat="50.578894" lon="10.330799"/>
<trkpt lat="50.578971" lon="10.330767"/>
<trkpt lat="50.579322" lon="10.330638"/>
<trkpt lat="50.579451" lon="10.330470"/>
<trkpt lat="50.579654" lon="10.330077"/>
<trkpt lat="50.580159" lon="10.328954"/>
<trkpt lat="50.580554" lon="10.328066"/>
<trkpt lat="50.580729" lon="10.327704"/>
<trkpt lat="50.580789" lon="10.327609"/>
<trkpt lat="50.580804" lon="10.327586"/>
<trkpt lat="50.580953" lon="10.327376"/>
<trkpt lat="50.581050" lon="10.327264"/>
<trkpt lat="50.581556" lon="10.326736"/>
<trkpt lat="50.581667" lon="10.326604"/>
<trkpt lat="50.581725" lon="10.326538"/>
<trkpt lat="50.581791" lon="10.326440"/>
<trkpt lat="50.581868" lon="10.326307"/>
<trkpt lat="50.582185" lon="10.325673"/>
<trkpt lat="50.582430" lon="10.325114"/>
<trkpt lat="50.582741" lon="10.324406"/>
<trkpt lat="50.582866" lon="10.324159"/>
<trkpt lat="50.582951" lon="10.324025"/>
<trkpt lat="50.583060" lon="10.323901"/>
<trkpt lat="50.583548" lon="10.323532"/>
<trkpt lat="50.583692" lon="10.323371"/>
<trkpt lat="50.583814" lon="10.323188"/>
<trkpt lat="50.583918" lon="10.322966"/>
<trkpt lat="50.584025" lon="10.322694"/>
<trkpt lat="50.584098" lon="10.322484"/>
<trkpt lat="50.584221" lon="10.322133"/>
<trkpt lat="50.584321" lon="10.321889"/>
<trkpt lat="50.584467" lon="10.321600"/>
<trkpt lat="50.585229" lon="10.320175"/>
<trkpt lat="50.585571" lon="10.319553"/>
<trkpt lat="50.585854" lon="10.319098"/>
<trkpt lat="50.586076" lon="10.318783"/>
<trkpt lat="50.586362" lon="10.318415"/>
<trkpt lat="50.586685" lon="10.318040"/>
<trkpt lat="50.586771" lon="10.317962"/>
<trkpt lat="50.586875" lon="10.317893"/>
<trkpt lat="50.586952" lon="10.317844"/>
<trkpt lat="50.587114" lon="10.317780"/>
<trkpt lat="50.587333" lon="10.317685"/>
<trkpt lat="50.587599" lon="10.317548"/>
<trkpt lat="50.587745" lon="10.317461"/>
<trkpt lat="50.587894" lon="10.317356"/>
<trkpt lat="50.588053" lon="10.317213"/>
<trkpt lat="50.588185" lon="10.317061"/>
<trkpt lat="50.588323" lon="10.316877"/>
<trkpt lat="50.588696" lon="10.316296"/>
<trkpt lat="50.588892" lon="10.315963"/>
<trkpt lat="50.589089" lon="10.315643"/>
<trkpt lat="50.589297" lon="10.315319"/>
<trkpt lat="50.589374" lon="10.315208"/>
<trkpt lat="50.589622" lon="10.314868"/>
<trkpt lat="50.589683" lon="10.314793"/>
<trkpt lat="50.589742" lon="10.314726"/>
<trkpt lat="50.589871" lon="10.314597"/>
<trkpt lat="50.590036" lon="10.314432"/>
<trkpt lat="50.590212" lon="10.314247"/>
<trkpt lat="50.590337" lon="10.314106"/>
<trkpt lat="50.590404" lon="10.314018"/>
<trkpt lat="50.590555" lon="10.313797"/>
<trkpt lat="50.590737" lon="10.313517"/>
<trkpt lat="50.591009" lon="10.313067"/>
<trkpt lat="50.591168" lon="10.312781"/>
<trkpt lat="50.591289" lon="10.312542"/>
<trkpt lat="50.591394" lon="10.312307"/>
<trkpt lat="50.591522" lon="10.311978"/>
<trkpt lat="50.591608" lon="10.311739"/>
<trkpt lat="50.591807" lon="10.311115"/>
<trkpt lat="50.591926" lon="10.310762"/>
<trkpt lat="50.591967" lon="10.310644"/>
<trkpt lat="50.592012" lon="10.310542"/>
<trkpt lat="50.592112" lon="10.310338"/>
<trkpt lat="50.592222" lon="10.310124"/>
<trkpt lat="50.592355" lon="10.309882"/>
<trkpt lat="50.592460" lon="10.309665"/>
<trkpt lat="50.592536" lon="10.309483"/>
<trkpt lat="50.592629" lon="10.309244"/>
<trkpt lat="50.592669" lon="10.309119"/>
<trkpt lat="50.592708" lon="10.308978"/>
<trkpt lat="50.592740" lon="10.308835"/>
<trkpt lat="50.592774" lon="10.308648"/>
<trkpt lat="50.592805" lon="10.308438"/>
<trkpt lat="50.592852" lon="10.308081"/>
<trkpt lat="50.592887" lon="10.307817"/>
<trkpt lat="50.592923" lon="10.307547"/>
<trkpt lat="50.592957" lon="10.307337"/>
<trkpt lat="50.592991" lon="10.307152"/>
<trkpt lat="50.593039" lon="10.306923"/>
<trkpt lat="50.593089" lon="10.306717"/>
<trkpt lat="50.593169" lon="10.306392"/>
<trkpt lat="50.593340" lon="10.305724"/>
<trkpt lat="50.593399" lon="10.305496"/>
<trkpt lat="50.593457" lon="10.305252"/>
<trkpt lat="50.593492" lon="10.305099"/>
<trkpt lat="50.593539" lon="10.304866"/>
<trkpt lat="50.593563" lon="10.304715"/>
<trkpt lat="50.593580" lon="10.304585"/>
<trkpt lat="50.593599" lon="10.304418"/>
<trkpt lat="50.593607" lon="10.304290"/>
<trkpt lat="50.593611" lon="10.304196"/>
<trkpt lat="50.593613" lon="10.304071"/>
<trkpt lat="50.593610" lon="10.303938"/>
<trkpt lat="50.593602" lon="10.303823"/>
<trkpt lat="50.593591" lon="10.303696"/>
<trkpt lat="50.593581" lon="10.303493"/>
<trkpt lat="50.593578" lon="10.303279"/>
<trkpt lat="50.593586" lon="10.303134"/>
<trkpt lat="50.593604" lon="10.303021"/>
<trkpt lat="50.593632" lon="10.302915"/>
<trkpt lat="50.593661" lon="10.302821"/>
<trkpt lat="50.593712" lon="10.302689"/>
<trkpt lat="50.593768" lon="10.302570"/>
<trkpt lat="50.593811" lon="10.302494"/>
<trkpt lat="50.593861" lon="10.302428"/>
<trkpt lat="50.594178" lon="10.301968"/>
<trkpt lat="50.594228" lon="10.301887"/>
<trkpt lat="50.594289" lon="10.301776"/>
<trkpt lat="50.594341" lon="10.301678"/>
<trkpt lat="50.594565" lon="10.301215"/>
<trkpt lat="50.594681" lon="10.301030"/>
<trkpt lat="50.594739" lon="10.300941"/>
<trkpt lat="50.594786" lon="10.300883"/>
<trkpt lat="50.594851" lon="10.300812"/>
<trkpt lat="50.594905" lon="10.300765"/>
<trkpt lat="50.595103" lon="10.300597"/>
<trkpt lat="50.595203" lon="10.300809"/>
<trkpt lat="50.595276" lon="10.300944"/>
<trkpt lat="50.595294" lon="10.300971"/>
<trkpt lat="50.595325" lon="10.301012"/>
<trkpt lat="50.595362" lon="10.301052"/>
<trkpt lat="50.595402" lon="10.301084"/>
<trkpt lat="50.595450" lon="10.301114"/>
<trkpt lat="50.595504" lon="10.301121"/>
<trkpt lat="50.595996" lon="10.300881"/>
<trkpt lat="50.596059" lon="10.300850"/>
<trkpt lat="50.596123" lon="10.300818"/>
<trkpt lat="50.596363" lon="10.301078"/>
<trkpt lat="50.596554" lon="10.301323"/>
<trkpt lat="50.596892" lon="10.301787"/>
<trkpt lat="50.597158" lon="10.302158"/>
<trkpt lat="50.597267" lon="10.302287"/>
<trkpt lat="50.597319" lon="10.302336"/>
<trkpt lat="50.597370" lon="10.302367"/>
<trkpt lat="50.597428" lon="10.302385"/>
<trkpt lat="50.597492" lon="10.302386"/>
<trkpt lat="50.597552" lon="10.302377"/>
<trkpt lat="50.597840" lon="10.302282"/>
<trkpt lat="50.597867" lon="10.302247"/>
<trkpt lat="50.598207" lon="10.301758"/>
<trkpt lat="50.598387" lon="10.301510"/>
<trkpt lat="50.598402" lon="10.301460"/>
<trkpt lat="50.598402" lon="10.301393"/>
<trkpt lat="50.598392" lon="10.301346"/>
<trkpt lat="50.598027" lon="10.300239"/>
<trkpt lat="50.597778" lon="10.299479"/>
<trkpt lat="50.597267" lon="10.297987"/>
<trkpt lat="50.597370" lon="10.297898"/>
<trkpt lat="50.597449" lon="10.297823"/>
<trkpt lat="50.597493" lon="10.297776"/>
<trkpt lat="50.597574" lon="10.297690"/>
<trkpt lat="50.597648" lon="10.297599"/>
<trkpt lat="50.597778" lon="10.297425"/>
<trkpt lat="50.597896" lon="10.297254"/>
<trkpt lat="50.597970" lon="10.297137"/>
<trkpt lat="50.598039" lon="10.297008"/>
<trkpt lat="50.598109" lon="10.296872"/>
<trkpt lat="50.598173" lon="10.296725"/>
<trkpt lat="50.598226" lon="10.296580"/>
<trkpt lat="50.598410" lon="10.296034"/>
<trkpt lat="50.598516" lon="10.295727"/>
<trkpt lat="50.598611" lon="10.295457"/>
<trkpt lat="50.598688" lon="10.295253"/>
<trkpt lat="50.598773" lon="10.295050"/>
<trkpt lat="50.598879" lon="10.294818"/>
<trkpt lat="50.598949" lon="10.294693"/>
<trkpt lat="50.599041" lon="10.294553"/>
<trkpt lat="50.599171" lon="10.294345"/>
<trkpt lat="50.599465" lon="10.293935"/>
<trkpt lat="50.599655" lon="10.293680"/>
<trkpt lat="50.600031" lon="10.293180"/>
<trkpt lat="50.600371" lon="10.292707"/>
<trkpt lat="50.600798" lon="10.292126"/>
<trkpt lat="50.601198" lon="10.291566"/>
<trkpt lat="50.601307" lon="10.291395"/>
<trkpt lat="50.601375" lon="10.291278"/>
<trkpt lat="50.601430" lon="10.291179"/>
<trkpt lat="50.601503" lon="10.291031"/>
<trkpt lat="50.601579" lon="10.290861"/>
<trkpt lat="50.601666" lon="10.290636"/>
<trkpt lat="50.601736" lon="10.290450"/>
<trkpt lat="50.601776" lon="10.290319"/>
<trkpt lat="50.601808" lon="10.290210"/>
<trkpt lat="50.601841" lon="10.290083"/>
<trkpt lat="50.601882" lon="10.289915"/>
<trkpt lat="50.602011" lon="10.289249"/>
<trkpt lat="50.602148" lon="10.288505"/>
<trkpt lat="50.602222" lon="10.288072"/>
<trkpt lat="50.602247" lon="10.287899"/>
<trkpt lat="50.602270" lon="10.287709"/>
<trkpt lat="50.602375" lon="10.286317"/>
<trkpt lat="50.602668" lon="10.284116"/>
<trkpt lat="50.602757" lon="10.283435"/>
<trkpt lat="50.602908" lon="10.282367"/>
<trkpt lat="50.603104" lon="10.281093"/>
<trkpt lat="50.603204" lon="10.280506"/>
<trkpt lat="50.603293" lon="10.280074"/>
<trkpt lat="50.603374" lon="10.279721"/>
<trkpt lat="50.603478" lon="10.279333"/>
<trkpt lat="50.603718" lon="10.278519"/>
<trkpt lat="50.604045" lon="10.277259"/>
<trkpt lat="50.604267" lon="10.276453"/>
<trkpt lat="50.604382" lon="10.276069"/>
<trkpt lat="50.605143" lon="10.273399"/>
<trkpt lat="50.605709" lon="10.271322"/>
<trkpt lat="50.605847" lon="10.270780"/>
<trkpt lat="50.605949" lon="10.270414"/>
<trkpt lat="50.606197" lon="10.269523"/>
<trkpt lat="50.606354" lon="10.268919"/>
<trkpt lat="50.606401" lon="10.268708"/>
<trkpt lat="50.606455" lon="10.268451"/>
<trkpt lat="50.606498" lon="10.268194"/>
<trkpt lat="50.606558" lon="10.267784"/>
<trkpt lat="50.606587" lon="10.267540"/>
<trkpt lat="50.606607" lon="10.267328"/>
<trkpt lat="50.606625" lon="10.267106"/>
<trkpt lat="50.606658" lon="10.266301"/>
<trkpt lat="50.606705" lon="10.264787"/>
<trkpt lat="50.606704" lon="10.264191"/>
<trkpt lat="50.606670" lon="10.263598"/>
<trkpt lat="50.606562" lon="10.262411"/>
<trkpt lat="50.606325" lon="10.259630"/>
<trkpt lat="50.606329" lon="10.259243"/>
<trkpt lat="50.606362" lon="10.258845"/>
<trkpt lat="50.606471" lon="10.257877"/>
<trkpt lat="50.606590" lon="10.256871"/>
<trkpt lat="50.606658" lon="10.256298"/>
<trkpt lat="50.606668" lon="10.255968"/>
<trkpt lat="50.606652" lon="10.255776"/>
<trkpt lat="50.606605" lon="10.255543"/>
<trkpt lat="50.606493" lon="10.255251"/>
<trkpt lat="50.606404" lon="10.255034"/>
<trkpt lat="50.606170" lon="10.254464"/>
<trkpt lat="50.606122" lon="10.254345"/>
<trkpt lat="50.606066" lon="10.254143"/>
<trkpt lat="50.606048" lon="10.254068"/>
<trkpt lat="50.606044" lon="10.254049"/>
<trkpt lat="50.606035" lon="10.253977"/>
<trkpt lat="50.606030" lon="10.253898"/>
<trkpt lat="50.606034" lon="10.253803"/>
<trkpt lat="50.606041" lon="10.253720"/>
<trkpt lat="50.606047" lon="10.253639"/>
<trkpt lat="50.606080" lon="10.253363"/>
<trkpt lat="50.606179" lon="10.252689"/>
<trkpt lat="50.606240" lon="10.252283"/>
<trkpt lat="50.606280" lon="10.252024"/>
<trkpt lat="50.606352" lon="10.251565"/>
<trkpt lat="50.606368" lon="10.251449"/>
<trkpt lat="50.606403" lon="10.251193"/>
<trkpt lat="50.606434" lon="10.250831"/>
<trkpt lat="50.606448" lon="10.250547"/>
<trkpt lat="50.606443" lon="10.249985"/>
<trkpt lat="50.606444" lon="10.248994"/>
<trkpt lat="50.606481" lon="10.247213"/>
<trkpt lat="50.606450" lon="10.246564"/>
<trkpt lat="50.606339" lon="10.244934"/>
<trkpt lat="50.606218" lon="10.243641"/>
<trkpt lat="50.606063" lon="10.242648"/>
<trkpt lat="50.606008" lon="10.242292"/>
<trkpt lat="50.605842" lon="10.241220"/>
<trkpt lat="50.605720" lon="10.240329"/>
<trkpt lat="50.605603" lon="10.239090"/>
<trkpt lat="50.605545" lon="10.237847"/>
<trkpt lat="50.605463" lon="10.236994"/>
<trkpt lat="50.605456" lon="10.236935"/>
<trkpt lat="50.605389" lon="10.236298"/>
<trkpt lat="50.605392" lon="10.235801"/>
<trkpt lat="50.605463" lon="10.235132"/>
<trkpt lat="50.605597" lon="10.234413"/>
<trkpt lat="50.605776" lon="10.233622"/>
<trkpt lat="50.605846" lon="10.233205"/>
<trkpt lat="50.605880" lon="10.232660"/>
<trkpt lat="50.605874" lon="10.232251"/>
<trkpt lat="50.605852" lon="10.231899"/>
<trkpt lat="50.605776" lon="10.231332"/>
<trkpt lat="50.605654" lon="10.230632"/>
<trkpt lat="50.605562" lon="10.230124"/>
<trkpt lat="50.605441" lon="10.229628"/>
<trkpt lat="50.604782" lon="10.227433"/>
<trkpt lat="50.604775" lon="10.227375"/>
<trkpt lat="50.604685" lon="10.226738"/>
<trkpt lat="50.604671" lon="10.226578"/>
<trkpt lat="50.604625" lon="10.226072"/>
<trkpt lat="50.604566" lon="10.225473"/>
<trkpt lat="50.604546" lon="10.225226"/>
<trkpt lat="50.604506" lon="10.224951"/>
<trkpt lat="50.604489" lon="10.224804"/>
<trkpt lat="50.604487" lon="10.224467"/>
<trkpt lat="50.604487" lon="10.224400"/>
<trkpt lat="50.604519" lon="10.223943"/>
<trkpt lat="50.604513" lon="10.223748"/>
<trkpt lat="50.604482" lon="10.223569"/>
<trkpt lat="50.604301" lon="10.222743"/>
<trkpt lat="50.604309" lon="10.222604"/>
<trkpt lat="50.604314" lon="10.222490"/>
<trkpt lat="50.604407" lon="10.222125"/>
<trkpt lat="50.604605" lon="10.221348"/>
<trkpt lat="50.604583" lon="10.221240"/>
<trkpt lat="50.604322" lon="10.220921"/>
<trkpt lat="50.603635" lon="10.220026"/>
<trkpt lat="50.602727" lon="10.218678"/>
<trkpt lat="50.602551" lon="10.218321"/>
<trkpt lat="50.602365" lon="10.217797"/>
<trkpt lat="50.602237" lon="10.217399"/>
<trkpt lat="50.602165" lon="10.217085"/>
<trkpt lat="50.602120" lon="10.216796"/>
<trkpt lat="50.602025" lon="10.215841"/>
<trkpt lat="50.601978" lon="10.215370"/>
<trkpt lat="50.601821" lon="10.214647"/>
<trkpt lat="50.601337" lon="10.212411"/>
<trkpt lat="50.600835" lon="10.210724"/>
<trkpt lat="50.600607" lon="10.209726"/>
<trkpt lat="50.600510" lon="10.209305"/>
<trkpt lat="50.600129" lon="10.207490"/>
<trkpt lat="50.600093" lon="10.207251"/>
<trkpt lat="50.599840" lon="10.205520"/>
<trkpt lat="50.599819" lon="10.205371"/>
<trkpt lat="50.599791" lon="10.205051"/>
<trkpt lat="50.599777" lon="10.204741"/>
<trkpt lat="50.599790" lon="10.204479"/>
<trkpt lat="50.599818" lon="10.204223"/>
<trkpt lat="50.599857" lon="10.204007"/>
<trkpt lat="50.599912" lon="10.203793"/>
<trkpt lat="50.600052" lon="10.203411"/>
<trkpt lat="50.601014" lon="10.201593"/>
<trkpt lat="50.601076" lon="10.201475"/>
<trkpt lat="50.601220" lon="10.201202"/>
<trkpt lat="50.601823" lon="10.200066"/>
<trkpt lat="50.602169" lon="10.199501"/>
<trkpt lat="50.602404" lon="10.199266"/>
<trkpt lat="50.602981" lon="10.198930"/>
<trkpt lat="50.603659" lon="10.198641"/>
<trkpt lat="50.603888" lon="10.198459"/>
<trkpt lat="50.604079" lon="10.198190"/>
<trkpt lat="50.604525" lon="10.197182"/>
<trkpt lat="50.604980" lon="10.196471"/>
<trkpt lat="50.605235" lon="10.196192"/>
<trkpt lat="50.605527" lon="10.195955"/>
<trkpt lat="50.606170" lon="10.195488"/>
<trkpt lat="50.607009" lon="10.195024"/>
<trkpt lat="50.607231" lon="10.194848"/>
<trkpt lat="50.607802" lon="10.194261"/>
<trkpt lat="50.608180" lon="10.193922"/>
<trkpt lat="50.608662" lon="10.193626"/>
<trkpt lat="50.609011" lon="10.193334"/>
<trkpt lat="50.609213" lon="10.193053"/>
<trkpt lat="50.609345" lon="10.192680"/>
<trkpt lat="50.609435" lon="10.192260"/>
<trkpt lat="50.609744" lon="10.190628"/>
<trkpt lat="50.609883" lon="10.190236"/>
<trkpt lat="50.610153" lon="10.189789"/>
<trkpt lat="50.610325" lon="10.189401"/>
<trkpt lat="50.610359" lon="10.188984"/>
<trkpt lat="50.610182" lon="10.186563"/>
<trkpt lat="50.610179" lon="10.186516"/>
<trkpt lat="50.610121" lon="10.183406"/>
<trkpt lat="50.610111" lon="10.182888"/>
<trkpt lat="50.609915" lon="10.180820"/>
<trkpt lat="50.609847" lon="10.179384"/>
<trkpt lat="50.609804" lon="10.178852"/>
<trkpt lat="50.609371" lon="10.176374"/>
<trkpt lat="50.609333" lon="10.175785"/>
<trkpt lat="50.609351" lon="10.174486"/>
<trkpt lat="50.609300" lon="10.173751"/>
<trkpt lat="50.609133" lon="10.172893"/>
<trkpt lat="50.608261" lon="10.169663"/>
<trkpt lat="50.608123" lon="10.168849"/>
<trkpt lat="50.607983" lon="10.167664"/>
<trkpt lat="50.607916" lon="10.166675"/>
<trkpt lat="50.607915" lon="10.166177"/>
<trkpt lat="50.607958" lon="10.165768"/>
<trkpt lat="50.608051" lon="10.165359"/>
<trkpt lat="50.608200" lon="10.164964"/>
<trkpt lat="50.608480" lon="10.164522"/>
<trkpt lat="50.609255" lon="10.163833"/>
<trkpt lat="50.609459" lon="10.163568"/>
<trkpt lat="50.609691" lon="10.163136"/>
<trkpt lat="50.609825" lon="10.162868"/>
<trkpt lat="50.609912" lon="10.162687"/>
<trkpt lat="50.609922" lon="10.162663"/>
<trkpt lat="50.609947" lon="10.162598"/>
<trkpt lat="50.609750" lon="10.162369"/>
<trkpt lat="50.609624" lon="10.162201"/>
<trkpt lat="50.609605" lon="10.162176"/>
<trkpt lat="50.609448" lon="10.161933"/>
<trkpt lat="50.609033" lon="10.161187"/>
<trkpt lat="50.608852" lon="10.160838"/>
<trkpt lat="50.608472" lon="10.160095"/>
<trkpt lat="50.608308" lon="10.159779"/>
<trkpt lat="50.608107" lon="10.159383"/>
<trkpt lat="50.607905" lon="10.158993"/>
<trkpt lat="50.607809" lon="10.158874"/>
<trkpt lat="50.607742" lon="10.158817"/>
<trkpt lat="50.607660" lon="10.158796"/>
<trkpt lat="50.607540" lon="10.158815"/>
<trkpt lat="50.607252" lon="10.158924"/>
<trkpt lat="50.607139" lon="10.158920"/>
<trkpt lat="50.606799" lon="10.158686"/>
<trkpt lat="50.606761" lon="10.158657"/>
<trkpt lat="50.606717" lon="10.158638"/>
<trkpt lat="50.606648" lon="10.158608"/>
<trkpt lat="50.606614" lon="10.158592"/>
<trkpt lat="50.606424" lon="10.158555"/>
<trkpt lat="50.606238" lon="10.158506"/>
<trkpt lat="50.606109" lon="10.158457"/>
<trkpt lat="50.606060" lon="10.158425"/>
<trkpt lat="50.605851" lon="10.158265"/>
<trkpt lat="50.605730" lon="10.158189"/>
<trkpt lat="50.605607" lon="10.158124"/>
<trkpt lat="50.605553" lon="10.158097"/>
<trkpt lat="50.605144" lon="10.157892"/>
<trkpt lat="50.605030" lon="10.157826"/>
<trkpt lat="50.604572" lon="10.157513"/>
<trkpt lat="50.604275" lon="10.157310"/>
<trkpt lat="50.603678" lon="10.156901"/>
<trkpt lat="50.603320" lon="10.156657"/>
<trkpt lat="50.602681" lon="10.156223"/>
<trkpt lat="50.602198" lon="10.155895"/>
<trkpt lat="50.602037" lon="10.155813"/>
<trkpt lat="50.601975" lon="10.155795"/>
<trkpt lat="50.601905" lon="10.155775"/>
<trkpt lat="50.601773" lon="10.155759"/>
<trkpt lat="50.601638" lon="10.155747"/>
<trkpt lat="50.600154" lon="10.155694"/>
<trkpt lat="50.599860" lon="10.155657"/>
<trkpt lat="50.599821" lon="10.155645"/>
<trkpt lat="50.599558" lon="10.155564"/>
<trkpt lat="50.599495" lon="10.155537"/>
<trkpt lat="50.599250" lon="10.155435"/>
<trkpt lat="50.598948" lon="10.155287"/>
<trkpt lat="50.598762" lon="10.155171"/>
<trkpt lat="50.598562" lon="10.155023"/>
<trkpt lat="50.598199" lon="10.154656"/>
<trkpt lat="50.597320" lon="10.153562"/>
<trkpt lat="50.597096" lon="10.153236"/>
<trkpt lat="50.596864" lon="10.152917"/>
<trkpt lat="50.596692" lon="10.152709"/>
<trkpt lat="50.596420" lon="10.152451"/>
<trkpt lat="50.596326" lon="10.152361"/>
<trkpt lat="50.594861" lon="10.150963"/>
<trkpt lat="50.594469" lon="10.150568"/>
<trkpt lat="50.594115" lon="10.150149"/>
<trkpt lat="50.593766" lon="10.149656"/>
<trkpt lat="50.593619" lon="10.149502"/>
<trkpt lat="50.593476" lon="10.149404"/>
<trkpt lat="50.593317" lon="10.149324"/>
<trkpt lat="50.593122" lon="10.149304"/>
<trkpt lat="50.592666" lon="10.149277"/>
<trkpt lat="50.592354" lon="10.149202"/>
<trkpt lat="50.592144" lon="10.149068"/>
<trkpt lat="50.592091" lon="10.149030"/>
<trkpt lat="50.591861" lon="10.148807"/>
<trkpt lat="50.591322" lon="10.148187"/>
<trkpt lat="50.590097" lon="10.146698"/>
<trkpt lat="50.589858" lon="10.146431"/>
<trkpt lat="50.589633" lon="10.146214"/>
<trkpt lat="50.589337" lon="10.145963"/>
<trkpt lat="50.588629" lon="10.145248"/>
<trkpt lat="50.588548" lon="10.145168"/>
<trkpt lat="50.586928" lon="10.143545"/>
<trkpt lat="50.586681" lon="10.143218"/>
<trkpt lat="50.586458" lon="10.142842"/>
<trkpt lat="50.585872" lon="10.141674"/>
<trkpt lat="50.585723" lon="10.141293"/>
<trkpt lat="50.585631" lon="10.140885"/>
<trkpt lat="50.585556" lon="10.140240"/>
<trkpt lat="50.585505" lon="10.137560"/>
<trkpt lat="50.585473" lon="10.135839"/>
<trkpt lat="50.585443" lon="10.135226"/>
<trkpt lat="50.585422" lon="10.134911"/>
<trkpt lat="50.585396" lon="10.134542"/>
<trkpt lat="50.585394" lon="10.134516"/>
<trkpt lat="50.585338" lon="10.133804"/>
<trkpt lat="50.585306" lon="10.133354"/>
<trkpt lat="50.585283" lon="10.133150"/>
<trkpt lat="50.585235" lon="10.132975"/>
<trkpt lat="50.585178" lon="10.132833"/>
<trkpt lat="50.585072" lon="10.132667"/>
<trkpt lat="50.584511" lon="10.132194"/>
<trkpt lat="50.584058" lon="10.131818"/>
<trkpt lat="50.583827" lon="10.131631"/>
<trkpt lat="50.583850" lon="10.131536"/>
<trkpt lat="50.583877" lon="10.131391"/>
<trkpt lat="50.583873" lon="10.131306"/>
<trkpt lat="50.583859" lon="10.131141"/>
<trkpt lat="50.583825" lon="10.130986"/>
<trkpt lat="50.583772" lon="10.130846"/>
<trkpt lat="50.583518" lon="10.130413"/>
<trkpt lat="50.583441" lon="10.130290"/>
<trkpt lat="50.583361" lon="10.130115"/>
<trkpt lat="50.583317" lon="10.129943"/>
<trkpt lat="50.583259" lon="10.129591"/>
<trkpt lat="50.583189" lon="10.129253"/>
<trkpt lat="50.583111" lon="10.128938"/>
<trkpt lat="50.583005" lon="10.128536"/>
<trkpt lat="50.582929" lon="10.128275"/>
<trkpt lat="50.582693" lon="10.127375"/>
<trkpt lat="50.582612" lon="10.127085"/>
<trkpt lat="50.582297" lon="10.125802"/>
<trkpt lat="50.581927" lon="10.124689"/>
<trkpt lat="50.581586" lon="10.123415"/>
<trkpt lat="50.581335" lon="10.122367"/>
<trkpt lat="50.581106" lon="10.121545"/>
<trkpt lat="50.580932" lon="10.121009"/>
<trkpt lat="50.580765" lon="10.120627"/>
<trkpt lat="50.580679" lon="10.120431"/>
<trkpt lat="50.580178" lon="10.119135"/>
<trkpt lat="50.580064" lon="10.118719"/>
<trkpt lat="50.579892" lon="10.117961"/>
<trkpt lat="50.579622" lon="10.116709"/>
<trkpt lat="50.579363" lon="10.115469"/>
<trkpt lat="50.578995" lon="10.113827"/>
<trkpt lat="50.578821" lon="10.113050"/>
<trkpt lat="50.578784" lon="10.112887"/>
<trkpt lat="50.578217" lon="10.110812"/>
<trkpt lat="50.578173" lon="10.110654"/>
<trkpt lat="50.577994" lon="10.110142"/>
<trkpt lat="50.577909" lon="10.109955"/>
<trkpt lat="50.577591" lon="10.109473"/>
<trkpt lat="50.577217" lon="10.108908"/>
<trkpt lat="50.577057" lon="10.108669"/>
<trkpt lat="50.576876" lon="10.108318"/>
<trkpt lat="50.576681" lon="10.107841"/>
<trkpt lat="50.576348" lon="10.106899"/>
<trkpt lat="50.576194" lon="10.106448"/>
<trkpt lat="50.576029" lon="10.105815"/>
<trkpt lat="50.575761" lon="10.104623"/>
<trkpt lat="50.575490" lon="10.103371"/>
<trkpt lat="50.575254" lon="10.102266"/>
<trkpt lat="50.575178" lon="10.102066"/>
<trkpt lat="50.575102" lon="10.101952"/>
<trkpt lat="50.575000" lon="10.101889"/>
<trkpt lat="50.574828" lon="10.101871"/>
<trkpt lat="50.573873" lon="10.101945"/>
<trkpt lat="50.573351" lon="10.101945"/>
<trkpt lat="50.572839" lon="10.101915"/>
<trkpt lat="50.571790" lon="10.101846"/>
<trkpt lat="50.571194" lon="10.101858"/>
<trkpt lat="50.571003" lon="10.101862"/>
<trkpt lat="50.570924" lon="10.101855"/>
<trkpt lat="50.570753" lon="10.101803"/>
<trkpt lat="50.570537" lon="10.101725"/>
<trkpt lat="50.570442" lon="10.101677"/>
<trkpt lat="50.570350" lon="10.101630"/>
<trkpt lat="50.570267" lon="10.101570"/>
<trkpt lat="50.570186" lon="10.101497"/>
<trkpt lat="50.570092" lon="10.101374"/>
<trkpt lat="50.570063" lon="10.101312"/>
<trkpt lat="50.570029" lon="10.101225"/>
<trkpt lat="50.569985" lon="10.101059"/>
<trkpt lat="50.569948" lon="10.100852"/>
<trkpt lat="50.569786" lon="10.099566"/>
<trkpt lat="50.569767" lon="10.099428"/>
<trkpt lat="50.569682" lon="10.098817"/>
<trkpt lat="50.569648" lon="10.098581"/>
<trkpt lat="50.569574" lon="10.098196"/>
<trkpt lat="50.569471" lon="10.097812"/>
<trkpt lat="50.569403" lon="10.097578"/>
<trkpt lat="50.569228" lon="10.096976"/>
<trkpt lat="50.569010" lon="10.096150"/>
<trkpt lat="50.568892" lon="10.095575"/>
<trkpt lat="50.568811" lon="10.095093"/>
<trkpt lat="50.568796" lon="10.094849"/>
<trkpt lat="50.568790" lon="10.094527"/>
<trkpt lat="50.568810" lon="10.094143"/>
<trkpt lat="50.568830" lon="10.093676"/>
<trkpt lat="50.568827" lon="10.093299"/>
<trkpt lat="50.568807" lon="10.092854"/>
<trkpt lat="50.568781" lon="10.092349"/>
<trkpt lat="50.568761" lon="10.092084"/>
<trkpt lat="50.568733" lon="10.091882"/>
<trkpt lat="50.568679" lon="10.091682"/>
<trkpt lat="50.568480" lon="10.091205"/>
<trkpt lat="50.568282" lon="10.090674"/>
<trkpt lat="50.568180" lon="10.090309"/>
<trkpt lat="50.568036" lon="10.089705"/>
<trkpt lat="50.567961" lon="10.089453"/>
<trkpt lat="50.567817" lon="10.089095"/>
<trkpt lat="50.567313" lon="10.087868"/>
<trkpt lat="50.566587" lon="10.086206"/>
<trkpt lat="50.566436" lon="10.085902"/>
<trkpt lat="50.566244" lon="10.085470"/>
<trkpt lat="50.566006" lon="10.084825"/>
<trkpt lat="50.565752" lon="10.084124"/>
<trkpt lat="50.565430" lon="10.083267"/>
<trkpt lat="50.565113" lon="10.082553"/>
<trkpt lat="50.565057" lon="10.082431"/>
<trkpt lat="50.564876" lon="10.082034"/>
<trkpt lat="50.564671" lon="10.081610"/>
<trkpt lat="50.564458" lon="10.081221"/>
<trkpt lat="50.564252" lon="10.080936"/>
<trkpt lat="50.564059" lon="10.080745"/>
<trkpt lat="50.562838" lon="10.079675"/>
<trkpt lat="50.562302" lon="10.079211"/>
<trkpt lat="50.561699" lon="10.078680"/>
<trkpt lat="50.561143" lon="10.078246"/>
<trkpt lat="50.560943" lon="10.078110"/>
<trkpt lat="50.560710" lon="10.078049"/>
<trkpt lat="50.560483" lon="10.078045"/>
<trkpt lat="50.560306" lon="10.078048"/>
<trkpt lat="50.559537" lon="10.078102"/>
<trkpt lat="50.559142" lon="10.078136"/>
<trkpt lat="50.558869" lon="10.078197"/>
<trkpt lat="50.558632" lon="10.078273"/>
<trkpt lat="50.557733" lon="10.078684"/>
<trkpt lat="50.557403" lon="10.078827"/>
<trkpt lat="50.557000" lon="10.078892"/>
<trkpt lat="50.556740" lon="10.078920"/>
<trkpt lat="50.556432" lon="10.078890"/>
<trkpt lat="50.556115" lon="10.078785"/>
<trkpt lat="50.555833" lon="10.078672"/>
<trkpt lat="50.555508" lon="10.078523"/>
<trkpt lat="50.555227" lon="10.078362"/>
<trkpt lat="50.554876" lon="10.078139"/>
<trkpt lat="50.554652" lon="10.077974"/>
<trkpt lat="50.554424" lon="10.077845"/>
<trkpt lat="50.553374" lon="10.077614"/>
<trkpt lat="50.553112" lon="10.077547"/>
<trkpt lat="50.552929" lon="10.077411"/>
<trkpt lat="50.552685" lon="10.077171"/>
<trkpt lat="50.552415" lon="10.076945"/>
<trkpt lat="50.552195" lon="10.076800"/>
<trkpt lat="50.551492" lon="10.076564"/>
<trkpt lat="50.550812" lon="10.076303"/>
<trkpt lat="50.550380" lon="10.076117"/>
<trkpt lat="50.550115" lon="10.076002"/>
<trkpt lat="50.549815" lon="10.075839"/>
<trkpt lat="50.549582" lon="10.075656"/>
<trkpt lat="50.549447" lon="10.075512"/>
<trkpt lat="50.549337" lon="10.075338"/>
<trkpt lat="50.549200" lon="10.075083"/>
<trkpt lat="50.548785" lon="10.074208"/>
<trkpt lat="50.548519" lon="10.073819"/>
<trkpt lat="50.548291" lon="10.073574"/>
<trkpt lat="50.547751" lon="10.073088"/>
<trkpt lat="50.547612" lon="10.072925"/>
<trkpt lat="50.547531" lon="10.072818"/>
<trkpt lat="50.547477" lon="10.072720"/>
<trkpt lat="50.547127" lon="10.071897"/>
<trkpt lat="50.547026" lon="10.071659"/>
<trkpt lat="50.546848" lon="10.071259"/>
<trkpt lat="50.546636" lon="10.070862"/>
<trkpt lat="50.546367" lon="10.070351"/>
<trkpt lat="50.546280" lon="10.070188"/>
<trkpt lat="50.546050" lon="10.069721"/>
<trkpt lat="50.545860" lon="10.069334"/>
<trkpt lat="50.545766" lon="10.069123"/>
<trkpt lat="50.545667" lon="10.068911"/>
<trkpt lat="50.545571" lon="10.068703"/>
<trkpt lat="50.545409" lon="10.068330"/>
<trkpt lat="50.545270" lon="10.067991"/>
<trkpt lat="50.545215" lon="10.067806"/>
<trkpt lat="50.545130" lon="10.067413"/>
<trkpt lat="50.545089" lon="10.067261"/>
<trkpt lat="50.545053" lon="10.067131"/>
<trkpt lat="50.544987" lon="10.066962"/>
<trkpt lat="50.544917" lon="10.066810"/>
<trkpt lat="50.544817" lon="10.066630"/>
<trkpt lat="50.544722" lon="10.066468"/>
<trkpt lat="50.544662" lon="10.066363"/>
<trkpt lat="50.544583" lon="10.066220"/>
<trkpt lat="50.544452" lon="10.065988"/>
<trkpt lat="50.544387" lon="10.065848"/>
<trkpt lat="50.544362" lon="10.065749"/>
<trkpt lat="50.544349" lon="10.065628"/>
<trkpt lat="50.544326" lon="10.065486"/>
<trkpt lat="50.544292" lon="10.065380"/>
<trkpt lat="50.543994" lon="10.064966"/>
<trkpt lat="50.543871" lon="10.064815"/>
<trkpt lat="50.543789" lon="10.064745"/>
<trkpt lat="50.543653" lon="10.064757"/>
<trkpt lat="50.543559" lon="10.064830"/>
<trkpt lat="50.543528" lon="10.064853"/>
<trkpt lat="50.543401" lon="10.064953"/>
<trkpt lat="50.543301" lon="10.065008"/>
<trkpt lat="50.543222" lon="10.065027"/>
<trkpt lat="50.543117" lon="10.064982"/>
<trkpt lat="50.542999" lon="10.064811"/>
<trkpt lat="50.542731" lon="10.064272"/>
<trkpt lat="50.542311" lon="10.063386"/>
<trkpt lat="50.542228" lon="10.063211"/>
<trkpt lat="50.541743" lon="10.062189"/>
<trkpt lat="50.541520" lon="10.061758"/>
<trkpt lat="50.541353" lon="10.061463"/>
<trkpt lat="50.541067" lon="10.061099"/>
<trkpt lat="50.539432" lon="10.059112"/>
<trkpt lat="50.538686" lon="10.058579"/>
<trkpt lat="50.537049" lon="10.057398"/>
<trkpt lat="50.536729" lon="10.057132"/>
<trkpt lat="50.536637" lon="10.057014"/>
<trkpt lat="50.536534" lon="10.056726"/>
<trkpt lat="50.536442" lon="10.056376"/>
<trkpt lat="50.536298" lon="10.055834"/>
<trkpt lat="50.535827" lon="10.054100"/>
<trkpt lat="50.535598" lon="10.053442"/>
<trkpt lat="50.535368" lon="10.052967"/>
<trkpt lat="50.535131" lon="10.052564"/>
<trkpt lat="50.534810" lon="10.052136"/>
<trkpt lat="50.534206" lon="10.051395"/>
<trkpt lat="50.533662" lon="10.050681"/>
<trkpt lat="50.532951" lon="10.049764"/>
<trkpt lat="50.532409" lon="10.049055"/>
<trkpt lat="50.532111" lon="10.048685"/>
<trkpt lat="50.531494" lon="10.047892"/>
<trkpt lat="50.531296" lon="10.047639"/>
<trkpt lat="50.530854" lon="10.047120"/>
<trkpt lat="50.530708" lon="10.046949"/>
<trkpt lat="50.530651" lon="10.046883"/>
<trkpt lat="50.530445" lon="10.046647"/>
<trkpt lat="50.530368" lon="10.046566"/>
<trkpt lat="50.530322" lon="10.046518"/>
<trkpt lat="50.530249" lon="10.046469"/>
<trkpt lat="50.530186" lon="10.046442"/>
<trkpt lat="50.530126" lon="10.046442"/>
<trkpt lat="50.530082" lon="10.046445"/>
<trkpt lat="50.530031" lon="10.046456"/>
<trkpt lat="50.529972" lon="10.046479"/>
<trkpt lat="50.529917" lon="10.046515"/>
<trkpt lat="50.529880" lon="10.046544"/>
<trkpt lat="50.529821" lon="10.046603"/>
<trkpt lat="50.529728" lon="10.046699"/>
<trkpt lat="50.529517" lon="10.046933"/>
<trkpt lat="50.529431" lon="10.047019"/>
<trkpt lat="50.529417" lon="10.047037"/>
<trkpt lat="50.529348" lon="10.047125"/>
<trkpt lat="50.529270" lon="10.047239"/>
<trkpt lat="50.529167" lon="10.047413"/>
<trkpt lat="50.529048" lon="10.047602"/>
<trkpt lat="50.528994" lon="10.047677"/>
<trkpt lat="50.528915" lon="10.047769"/>
<trkpt lat="50.528822" lon="10.047856"/>
<trkpt lat="50.528570" lon="10.048053"/>
<trkpt lat="50.528530" lon="10.048092"/>
<trkpt lat="50.528398" lon="10.048251"/>
<trkpt lat="50.528210" lon="10.048516"/>
<trkpt lat="50.528143" lon="10.048596"/>
<trkpt lat="50.528043" lon="10.048703"/>
<trkpt lat="50.527988" lon="10.048750"/>
<trkpt lat="50.527923" lon="10.048800"/>
<trkpt lat="50.527707" lon="10.048946"/>
<trkpt lat="50.527476" lon="10.049081"/>
<trkpt lat="50.527342" lon="10.049147"/>
<trkpt lat="50.527212" lon="10.049186"/>
<trkpt lat="50.527129" lon="10.049198"/>
<trkpt lat="50.527071" lon="10.049189"/>
<trkpt lat="50.527005" lon="10.049172"/>
<trkpt lat="50.526931" lon="10.049125"/>
<trkpt lat="50.526853" lon="10.049053"/>
<trkpt lat="50.526532" lon="10.048665"/>
<trkpt lat="50.526440" lon="10.048533"/>
<trkpt lat="50.526410" lon="10.048461"/>
<trkpt lat="50.526392" lon="10.048408"/>
<trkpt lat="50.526372" lon="10.048322"/>
<trkpt lat="50.526370" lon="10.048227"/>
<trkpt lat="50.526377" lon="10.048148"/>
<trkpt lat="50.526389" lon="10.048060"/>
<trkpt lat="50.526476" lon="10.047702"/>
<trkpt lat="50.526495" lon="10.047589"/>
<trkpt lat="50.526499" lon="10.047499"/>
<trkpt lat="50.526492" lon="10.047417"/>
<trkpt lat="50.526479" lon="10.047343"/>
<trkpt lat="50.526453" lon="10.047248"/>
<trkpt lat="50.526310" lon="10.046876"/>
<trkpt lat="50.526264" lon="10.046725"/>
<trkpt lat="50.526212" lon="10.046531"/>
<trkpt lat="50.526069" lon="10.045818"/>
<trkpt lat="50.525860" lon="10.044765"/>
<trkpt lat="50.525768" lon="10.044289"/>
<trkpt lat="50.525721" lon="10.044072"/>
<trkpt lat="50.525673" lon="10.043868"/>
<trkpt lat="50.525597" lon="10.043604"/>
<trkpt lat="50.525307" lon="10.042751"/>
<trkpt lat="50.525210" lon="10.042385"/>
<trkpt lat="50.525151" lon="10.041969"/>
<trkpt lat="50.524991" lon="10.040717"/>
<trkpt lat="50.524916" lon="10.040342"/>
<trkpt lat="50.524772" lon="10.039992"/>
<trkpt lat="50.524549" lon="10.039583"/>
<trkpt lat="50.524353" lon="10.039202"/>
<trkpt lat="50.524273" lon="10.038959"/>
<trkpt lat="50.524236" lon="10.038780"/>
<trkpt lat="50.524210" lon="10.038625"/>
<trkpt lat="50.524186" lon="10.038398"/>
<trkpt lat="50.524191" lon="10.037835"/>
<trkpt lat="50.524166" lon="10.037567"/>
<trkpt lat="50.524101" lon="10.037349"/>
<trkpt lat="50.524033" lon="10.037239"/>
<trkpt lat="50.523954" lon="10.037176"/>
<trkpt lat="50.523976" lon="10.036909"/>
<trkpt lat="50.523969" lon="10.036597"/>
<trkpt lat="50.523942" lon="10.036274"/>
<trkpt lat="50.523833" lon="10.035551"/>
<trkpt lat="50.523764" lon="10.035049"/>
<trkpt lat="50.523660" lon="10.034072"/>
<trkpt lat="50.523627" lon="10.033712"/>
<trkpt lat="50.523622" lon="10.033544"/>
<trkpt lat="50.523606" lon="10.033027"/>
<trkpt lat="50.523610" lon="10.032600"/>
<trkpt lat="50.523628" lon="10.032250"/>
<trkpt lat="50.523658" lon="10.031877"/>
<trkpt lat="50.523743" lon="10.031205"/>
<trkpt lat="50.523802" lon="10.030845"/>
<trkpt lat="50.523875" lon="10.030504"/>
<trkpt lat="50.524018" lon="10.030008"/>
<trkpt lat="50.524169" lon="10.029525"/>
<trkpt lat="50.524738" lon="10.028285"/>
<trkpt lat="50.524887" lon="10.027903"/>
<trkpt lat="50.524997" lon="10.027596"/>
<trkpt lat="50.525129" lon="10.027174"/>
<trkpt lat="50.525218" lon="10.026802"/>
<trkpt lat="50.525297" lon="10.026427"/>
<trkpt lat="50.525333" lon="10.026201"/>
<trkpt lat="50.525360" lon="10.025983"/>
<trkpt lat="50.525410" lon="10.025507"/>
<trkpt lat="50.525447" lon="10.025177"/>
<trkpt lat="50.525496" lon="10.024856"/>
<trkpt lat="50.525611" lon="10.024377"/>
<trkpt lat="50.525889" lon="10.023394"/>
<trkpt lat="50.526177" lon="10.022423"/>
<trkpt lat="50.526239" lon="10.022171"/>
<trkpt lat="50.526280" lon="10.021971"/>
<trkpt lat="50.526303" lon="10.021813"/>
<trkpt lat="50.526318" lon="10.021653"/>
<trkpt lat="50.526330" lon="10.021467"/>
<trkpt lat="50.526333" lon="10.021283"/>
<trkpt lat="50.526333" lon="10.021238"/>
<trkpt lat="50.526339" lon="10.020592"/>
<trkpt lat="50.526340" lon="10.020481"/>
<trkpt lat="50.526347" lon="10.019814"/>
<trkpt lat="50.526362" lon="10.019071"/>
<trkpt lat="50.526385" lon="10.018708"/>
<trkpt lat="50.526423" lon="10.018357"/>
<trkpt lat="50.526458" lon="10.018049"/>
<trkpt lat="50.526506" lon="10.017748"/>
<trkpt lat="50.526613" lon="10.017134"/>
<trkpt lat="50.526662" lon="10.016861"/>
<trkpt lat="50.526714" lon="10.016570"/>
<trkpt lat="50.526741" lon="10.016387"/>
<trkpt lat="50.526756" lon="10.016148"/>
<trkpt lat="50.526744" lon="10.015861"/>
<trkpt lat="50.526695" lon="10.015509"/>
<trkpt lat="50.526573" lon="10.014936"/>
<trkpt lat="50.526466" lon="10.014415"/>
<trkpt lat="50.526448" lon="10.014312"/>
<trkpt lat="50.526283" lon="10.014366"/>
<trkpt lat="50.526180" lon="10.014394"/>
<trkpt lat="50.526107" lon="10.014414"/>
<trkpt lat="50.526075" lon="10.014426"/>
<trkpt lat="50.526006" lon="10.014452"/>
<trkpt lat="50.525943" lon="10.014473"/>
<trkpt lat="50.525876" lon="10.014499"/>
<trkpt lat="50.525798" lon="10.014534"/>
<trkpt lat="50.525712" lon="10.014579"/>
<trkpt lat="50.525661" lon="10.014606"/>
<trkpt lat="50.525506" lon="10.014704"/>
<trkpt lat="50.525370" lon="10.014798"/>
<trkpt lat="50.525263" lon="10.014884"/>
<trkpt lat="50.525064" lon="10.015064"/>
<trkpt lat="50.524959" lon="10.015165"/>
<trkpt lat="50.524405" lon="10.015831"/>
<trkpt lat="50.524218" lon="10.016054"/>
<trkpt lat="50.523890" lon="10.016444"/>
<trkpt lat="50.523757" lon="10.016591"/>
<trkpt lat="50.522978" lon="10.017471"/>
<trkpt lat="50.522807" lon="10.017643"/>
<trkpt lat="50.522653" lon="10.017791"/>
<trkpt lat="50.522483" lon="10.017945"/>
<trkpt lat="50.522331" lon="10.018062"/>
<trkpt lat="50.522186" lon="10.018158"/>
<trkpt lat="50.522073" lon="10.018227"/>
<trkpt lat="50.521963" lon="10.018288"/>
<trkpt lat="50.521844" lon="10.018344"/>
<trkpt lat="50.521673" lon="10.018413"/>
<trkpt lat="50.521324" lon="10.018523"/>
<trkpt lat="50.521174" lon="10.018566"/>
<trkpt lat="50.520892" lon="10.018629"/>
<trkpt lat="50.520671" lon="10.018655"/>
<trkpt lat="50.520460" lon="10.018661"/>
<trkpt lat="50.519545" lon="10.018623"/>
<trkpt lat="50.519365" lon="10.018601"/>
<trkpt lat="50.519115" lon="10.018550"/>
<trkpt lat="50.518859" lon="10.018475"/>
<trkpt lat="50.518443" lon="10.018326"/>
<trkpt lat="50.516287" lon="10.017490"/>
<trkpt lat="50.515849" lon="10.017319"/>
<trkpt lat="50.515727" lon="10.017273"/>
<trkpt lat="50.515514" lon="10.017202"/>
<trkpt lat="50.515298" lon="10.017143"/>
<trkpt lat="50.515104" lon="10.017106"/>
<trkpt lat="50.514554" lon="10.017008"/>
<trkpt lat="50.513922" lon="10.016896"/>
<trkpt lat="50.513503" lon="10.016817"/>
<trkpt lat="50.513386" lon="10.016789"/>
<trkpt lat="50.513263" lon="10.016753"/>
<trkpt lat="50.513149" lon="10.016712"/>
<trkpt lat="50.513029" lon="10.016661"/>
<trkpt lat="50.512923" lon="10.016604"/>
<trkpt lat="50.512752" lon="10.016506"/>
<trkpt lat="50.512409" lon="10.016312"/>
<trkpt lat="50.512176" lon="10.016173"/>
<trkpt lat="50.510592" lon="10.015236"/>
<trkpt lat="50.510568" lon="10.015222"/>
<trkpt lat="50.510464" lon="10.015160"/>
<trkpt lat="50.509168" lon="10.014407"/>
<trkpt lat="50.508238" lon="10.013865"/>
<trkpt lat="50.507997" lon="10.013692"/>
<trkpt lat="50.507215" lon="10.013073"/>
<trkpt lat="50.506996" lon="10.012890"/>
<trkpt lat="50.506022" lon="10.012102"/>
<trkpt lat="50.505178" lon="10.011412"/>
<trkpt lat="50.505005" lon="10.011260"/>
<trkpt lat="50.504922" lon="10.011182"/>
<trkpt lat="50.504865" lon="10.011125"/>
<trkpt lat="50.504803" lon="10.011056"/>
<trkpt lat="50.504726" lon="10.010965"/>
<trkpt lat="50.504644" lon="10.010860"/>
<trkpt lat="50.504557" lon="10.010738"/>
<trkpt lat="50.504440" lon="10.010574"/>
<trkpt lat="50.504377" lon="10.010468"/>
<trkpt lat="50.504304" lon="10.010347"/>
<trkpt lat="50.504227" lon="10.010198"/>
<trkpt lat="50.504142" lon="10.010029"/>
<trkpt lat="50.504096" lon="10.009925"/>
<trkpt lat="50.504082" lon="10.009888"/>
<trkpt lat="50.504003" lon="10.009696"/>
<trkpt lat="50.503941" lon="10.009498"/>
<trkpt lat="50.503884" lon="10.009297"/>
<trkpt lat="50.503842" lon="10.009143"/>
<trkpt lat="50.503759" lon="10.008821"/>
<trkpt lat="50.503596" lon="10.008186"/>
<trkpt lat="50.503440" lon="10.007567"/>
<trkpt lat="50.503411" lon="10.007454"/>
<trkpt lat="50.503366" lon="10.007279"/>
<trkpt lat="50.503321" lon="10.007097"/>
<trkpt lat="50.503185" lon="10.006563"/>
<trkpt lat="50.503084" lon="10.006159"/>
<trkpt lat="50.503035" lon="10.005952"/>
<trkpt lat="50.502997" lon="10.005724"/>
<trkpt lat="50.502923" lon="10.005237"/>
<trkpt lat="50.502891" lon="10.005021"/>
<trkpt lat="50.502858" lon="10.004830"/>
<trkpt lat="50.502837" lon="10.004732"/>
<trkpt lat="50.502809" lon="10.004636"/>
<trkpt lat="50.502775" lon="10.004540"/>
<trkpt lat="50.502738" lon="10.004454"/>
<trkpt lat="50.502672" lon="10.004317"/>
<trkpt lat="50.502541" lon="10.004039"/>
<trkpt lat="50.502467" lon="10.003899"/>
<trkpt lat="50.502243" lon="10.003459"/>
<trkpt lat="50.502073" lon="10.003125"/>
<trkpt lat="50.501609" lon="10.002230"/>
<trkpt lat="50.501393" lon="10.001805"/>
<trkpt lat="50.500884" lon="10.000786"/>
<trkpt lat="50.500428" lon="9.999888"/>
<trkpt lat="50.500256" lon="9.999562"/>
<trkpt lat="50.500087" lon="9.999272"/>
<trkpt lat="50.499851" lon="9.998927"/>
<trkpt lat="50.499693" lon="9.998733"/>
<trkpt lat="50.499522" lon="9.998546"/>
<trkpt lat="50.499354" lon="9.998386"/>
<trkpt lat="50.499255" lon="9.998305"/>
<trkpt lat="50.499137" lon="9.998215"/>
<trkpt lat="50.499028" lon="9.998141"/>
<trkpt lat="50.498871" lon="9.998047"/>
<trkpt lat="50.498678" lon="9.997951"/>
<trkpt lat="50.498514" lon="9.997884"/>
<trkpt lat="50.498414" lon="9.997852"/>
<trkpt lat="50.498246" lon="9.997811"/>
<trkpt lat="50.498046" lon="9.997777"/>
<trkpt lat="50.497843" lon="9.997758"/>
<trkpt lat="50.497689" lon="9.997752"/>
<trkpt lat="50.495660" lon="9.997834"/>
<trkpt lat="50.495492" lon="9.997834"/>
<trkpt lat="50.495309" lon="9.997812"/>
<trkpt lat="50.495134" lon="9.997777"/>
<trkpt lat="50.494962" lon="9.997723"/>
<trkpt lat="50.494787" lon="9.997647"/>
<trkpt lat="50.494612" lon="9.997555"/>
<trkpt lat="50.494596" lon="9.997544"/>
<trkpt lat="50.494494" lon="9.997477"/>
<trkpt lat="50.494440" lon="9.997438"/>
<trkpt lat="50.494286" lon="9.997323"/>
<trkpt lat="50.494196" lon="9.997242"/>
<trkpt lat="50.494099" lon="9.997143"/>
<trkpt lat="50.493920" lon="9.996934"/>
<trkpt lat="50.493839" lon="9.996827"/>
<trkpt lat="50.493566" lon="9.996448"/>
<trkpt lat="50.492708" lon="9.995274"/>
<trkpt lat="50.492619" lon="9.995120"/>
<trkpt lat="50.492582" lon="9.995011"/>
<trkpt lat="50.492555" lon="9.994902"/>
<trkpt lat="50.492538" lon="9.994757"/>
<trkpt lat="50.492539" lon="9.994641"/>
<trkpt lat="50.492542" lon="9.994487"/>
<trkpt lat="50.492574" lon="9.994176"/>
<trkpt lat="50.492787" lon="9.992188"/>
<trkpt lat="50.492822" lon="9.991930"/>
<trkpt lat="50.492864" lon="9.991694"/>
<trkpt lat="50.492914" lon="9.991481"/>
<trkpt lat="50.493006" lon="9.991131"/>
<trkpt lat="50.493412" lon="9.989774"/>
<trkpt lat="50.493499" lon="9.989438"/>
<trkpt lat="50.493528" lon="9.989299"/>
<trkpt lat="50.493555" lon="9.989161"/>
<trkpt lat="50.493599" lon="9.988852"/>
<trkpt lat="50.493803" lon="9.987294"/>
<trkpt lat="50.494011" lon="9.985717"/>
<trkpt lat="50.494029" lon="9.985561"/>
<trkpt lat="50.494043" lon="9.985396"/>
<trkpt lat="50.494048" lon="9.985251"/>
<trkpt lat="50.494047" lon="9.985105"/>
<trkpt lat="50.494039" lon="9.984952"/>
<trkpt lat="50.493896" lon="9.983162"/>
<trkpt lat="50.493867" lon="9.982445"/>
<trkpt lat="50.493874" lon="9.982302"/>
<trkpt lat="50.493889" lon="9.982192"/>
<trkpt lat="50.493916" lon="9.982058"/>
<trkpt lat="50.493951" lon="9.981939"/>
<trkpt lat="50.493995" lon="9.981811"/>
<trkpt lat="50.494040" lon="9.981695"/>
<trkpt lat="50.494096" lon="9.981599"/>
<trkpt lat="50.494158" lon="9.981511"/>
<trkpt lat="50.494225" lon="9.981434"/>
<trkpt lat="50.494297" lon="9.981368"/>
<trkpt lat="50.494373" lon="9.981314"/>
<trkpt lat="50.494417" lon="9.981284"/>
<trkpt lat="50.494532" lon="9.981243"/>
<trkpt lat="50.494615" lon="9.981226"/>
<trkpt lat="50.494698" lon="9.981224"/>
<trkpt lat="50.494792" lon="9.981236"/>
<trkpt lat="50.494974" lon="9.981312"/>
<trkpt lat="50.495236" lon="9.981546"/>
<trkpt lat="50.496652" lon="9.983215"/>
<trkpt lat="50.496787" lon="9.983302"/>
<trkpt lat="50.496928" lon="9.983323"/>
<trkpt lat="50.497065" lon="9.983272"/>
<trkpt lat="50.497186" lon="9.983156"/>
<trkpt lat="50.497281" lon="9.982972"/>
<trkpt lat="50.497331" lon="9.982750"/>
<trkpt lat="50.497338" lon="9.982631"/>
<trkpt lat="50.497311" lon="9.982399"/>
<trkpt lat="50.497232" lon="9.982181"/>
<trkpt lat="50.496759" lon="9.981187"/>
<trkpt lat="50.496669" lon="9.980963"/>
<trkpt lat="50.496526" lon="9.980497"/>
<trkpt lat="50.496442" lon="9.979986"/>
<trkpt lat="50.496278" lon="9.978754"/>
<trkpt lat="50.496174" lon="9.977972"/>
<trkpt lat="50.496144" lon="9.977586"/>
<trkpt lat="50.496144" lon="9.974935"/>
<trkpt lat="50.496123" lon="9.974472"/>
<trkpt lat="50.496075" lon="9.974013"/>
<trkpt lat="50.495988" lon="9.973542"/>
<trkpt lat="50.495461" lon="9.971088"/>
<trkpt lat="50.495383" lon="9.970779"/>
<trkpt lat="50.495316" lon="9.970540"/>
<trkpt lat="50.495159" lon="9.970094"/>
<trkpt lat="50.495057" lon="9.969867"/>
<trkpt lat="50.494816" lon="9.969445"/>
<trkpt lat="50.494588" lon="9.969119"/>
<trkpt lat="50.494304" lon="9.968844"/>
<trkpt lat="50.494121" lon="9.968692"/>
<trkpt lat="50.492972" lon="9.967860"/>
<trkpt lat="50.492645" lon="9.967598"/>
<trkpt lat="50.492397" lon="9.967329"/>
<trkpt lat="50.489188" lon="9.963608"/>
<trkpt lat="50.489007" lon="9.963452"/>
<trkpt lat="50.488783" lon="9.963288"/>
<trkpt lat="50.488474" lon="9.963152"/>
<trkpt lat="50.488237" lon="9.963110"/>
<trkpt lat="50.487840" lon="9.963128"/>
<trkpt lat="50.486037" lon="9.963257"/>
<trkpt lat="50.485875" lon="9.963247"/>
<trkpt lat="50.485649" lon="9.963181"/>
<trkpt lat="50.485344" lon="9.963019"/>
<trkpt lat="50.484589" lon="9.962484"/>
<trkpt lat="50.484545" lon="9.962385"/>
<trkpt lat="50.484510" lon="9.962284"/>
<trkpt lat="50.484488" lon="9.962174"/>
<trkpt lat="50.484479" lon="9.962060"/>
<trkpt lat="50.484484" lon="9.961945"/>
<trkpt lat="50.484554" lon="9.961723"/>
<trkpt lat="50.485166" lon="9.960434"/>
<trkpt lat="50.485257" lon="9.960262"/>
<trkpt lat="50.485339" lon="9.960116"/>
<trkpt lat="50.485419" lon="9.959982"/>
<trkpt lat="50.485514" lon="9.959845"/>
<trkpt lat="50.485636" lon="9.959685"/>
<trkpt lat="50.485761" lon="9.959541"/>
<trkpt lat="50.485879" lon="9.959418"/>
<trkpt lat="50.486076" lon="9.959227"/>
<trkpt lat="50.487401" lon="9.958010"/>
<trkpt lat="50.488317" lon="9.957158"/>
<trkpt lat="50.488477" lon="9.957017"/>
<trkpt lat="50.488639" lon="9.956885"/>
<trkpt lat="50.488798" lon="9.956774"/>
<trkpt lat="50.488937" lon="9.956690"/>
<trkpt lat="50.489097" lon="9.956608"/>
<trkpt lat="50.490485" lon="9.955916"/>
<trkpt lat="50.490597" lon="9.955852"/>
<trkpt lat="50.490722" lon="9.955763"/>
<trkpt lat="50.490908" lon="9.955629"/>
<trkpt lat="50.491050" lon="9.955499"/>
<trkpt lat="50.491203" lon="9.955339"/>
<trkpt lat="50.491317" lon="9.955201"/>
<trkpt lat="50.491469" lon="9.954998"/>
<trkpt lat="50.491599" lon="9.954792"/>
<trkpt lat="50.491660" lon="9.954689"/>
<trkpt lat="50.491714" lon="9.954587"/>
<trkpt lat="50.491803" lon="9.954409"/>
<trkpt lat="50.491884" lon="9.954233"/>
<trkpt lat="50.492035" lon="9.953905"/>
<trkpt lat="50.492292" lon="9.953346"/>
<trkpt lat="50.492315" lon="9.953297"/>
<trkpt lat="50.492338" lon="9.953247"/>
<trkpt lat="50.492408" lon="9.953094"/>
<trkpt lat="50.493073" lon="9.951651"/>
<trkpt lat="50.493187" lon="9.951405"/>
<trkpt lat="50.493275" lon="9.951243"/>
<trkpt lat="50.493381" lon="9.951060"/>
<trkpt lat="50.493487" lon="9.950911"/>
<trkpt lat="50.493599" lon="9.950765"/>
<trkpt lat="50.493732" lon="9.950604"/>
<trkpt lat="50.493858" lon="9.950473"/>
<trkpt lat="50.493984" lon="9.950363"/>
<trkpt lat="50.494117" lon="9.950261"/>
<trkpt lat="50.494241" lon="9.950177"/>
<trkpt lat="50.494385" lon="9.950092"/>
<trkpt lat="50.494924" lon="9.949807"/>
<trkpt lat="50.495091" lon="9.949720"/>
<trkpt lat="50.495406" lon="9.949566"/>
<trkpt lat="50.495559" lon="9.949490"/>
<trkpt lat="50.495663" lon="9.949445"/>
<trkpt lat="50.495867" lon="9.949360"/>
<trkpt lat="50.495953" lon="9.949318"/>
<trkpt lat="50.496046" lon="9.949271"/>
<trkpt lat="50.496138" lon="9.949208"/>
<trkpt lat="50.496237" lon="9.949131"/>
<trkpt lat="50.496347" lon="9.949045"/>
<trkpt lat="50.496582" lon="9.948844"/>
<trkpt lat="50.496839" lon="9.948624"/>
<trkpt lat="50.497145" lon="9.948363"/>
<trkpt lat="50.497881" lon="9.947744"/>
<trkpt lat="50.497910" lon="9.947721"/>
<trkpt lat="50.498103" lon="9.947559"/>
<trkpt lat="50.498188" lon="9.947505"/>
<trkpt lat="50.498284" lon="9.947447"/>
<trkpt lat="50.498382" lon="9.947396"/>
<trkpt lat="50.498481" lon="9.947352"/>
<trkpt lat="50.498582" lon="9.947316"/>
<trkpt lat="50.498658" lon="9.947303"/>
<trkpt lat="50.498735" lon="9.947295"/>
<trkpt lat="50.498808" lon="9.947297"/>
<trkpt lat="50.498897" lon="9.947301"/>
<trkpt lat="50.498985" lon="9.947317"/>
<trkpt lat="50.499071" lon="9.947333"/>
<trkpt lat="50.499159" lon="9.947356"/>
<trkpt lat="50.499247" lon="9.947383"/>
<trkpt lat="50.499334" lon="9.947414"/>
<trkpt lat="50.499420" lon="9.947451"/>
<trkpt lat="50.499505" lon="9.947492"/>
<trkpt lat="50.499562" lon="9.947526"/>
<trkpt lat="50.499727" lon="9.947712"/>
<trkpt lat="50.499755" lon="9.947741"/>
<trkpt lat="50.499809" lon="9.947808"/>
<trkpt lat="50.499809" lon="9.947873"/>
<trkpt lat="50.499821" lon="9.947934"/>
<trkpt lat="50.499844" lon="9.947987"/>
<trkpt lat="50.499876" lon="9.948027"/>
<trkpt lat="50.499915" lon="9.948050"/>
<trkpt lat="50.499957" lon="9.948053"/>
<trkpt lat="50.499997" lon="9.948036"/>
<trkpt lat="50.500025" lon="9.948009"/>
<trkpt lat="50.500049" lon="9.947971"/>
<trkpt lat="50.500157" lon="9.947976"/>
<trkpt lat="50.500258" lon="9.948051"/>
<trkpt lat="50.500360" lon="9.948136"/>
<trkpt lat="50.500410" lon="9.948233"/>
<trkpt lat="50.500464" lon="9.948350"/>
<trkpt lat="50.500511" lon="9.948489"/>
<trkpt lat="50.500556" lon="9.948642"/>
<trkpt lat="50.500597" lon="9.948815"/>
<trkpt lat="50.500630" lon="9.948983"/>
<trkpt lat="50.500658" lon="9.949160"/>
<trkpt lat="50.500683" lon="9.949360"/>
<trkpt lat="50.500696" lon="9.949553"/>
<trkpt lat="50.500702" lon="9.949724"/>
<trkpt lat="50.500703" lon="9.949912"/>
<trkpt lat="50.500694" lon="9.950081"/>
<trkpt lat="50.500685" lon="9.950235"/>
<trkpt lat="50.500668" lon="9.950409"/>
<trkpt lat="50.500442" lon="9.952282"/>
<trkpt lat="50.500398" lon="9.952673"/>
<trkpt lat="50.500386" lon="9.952809"/>
<trkpt lat="50.500383" lon="9.952946"/>
<trkpt lat="50.500389" lon="9.953083"/>
<trkpt lat="50.500402" lon="9.953218"/>
<trkpt lat="50.500424" lon="9.953351"/>
<trkpt lat="50.500455" lon="9.953479"/>
<trkpt lat="50.500492" lon="9.953603"/>
<trkpt lat="50.500538" lon="9.953720"/>
<trkpt lat="50.500590" lon="9.953830"/>
<trkpt lat="50.500649" lon="9.953931"/>
<trkpt lat="50.500714" lon="9.954023"/>
<trkpt lat="50.500784" lon="9.954104"/>
<trkpt lat="50.500859" lon="9.954175"/>
<trkpt lat="50.500938" lon="9.954234"/>
<trkpt lat="50.501020" lon="9.954280"/>
<trkpt lat="50.501104" lon="9.954314"/>
<trkpt lat="50.501191" lon="9.954334"/>
<trkpt lat="50.501278" lon="9.954342"/>
<trkpt lat="50.501365" lon="9.954336"/>
<trkpt lat="50.501432" lon="9.954322"/>
<trkpt lat="50.501489" lon="9.954304"/>
<trkpt lat="50.501579" lon="9.954263"/>
<trkpt lat="50.501660" lon="9.954212"/>
<trkpt lat="50.501757" lon="9.954130"/>
<trkpt lat="50.501869" lon="9.954006"/>
<trkpt lat="50.502213" lon="9.953574"/>
<trkpt lat="50.502768" lon="9.952863"/>
<trkpt lat="50.502860" lon="9.952741"/>
<trkpt lat="50.502961" lon="9.952593"/>
<trkpt lat="50.503038" lon="9.952453"/>
<trkpt lat="50.503110" lon="9.952299"/>
<trkpt lat="50.503192" lon="9.952105"/>
<trkpt lat="50.503276" lon="9.951865"/>
<trkpt lat="50.503334" lon="9.951678"/>
<trkpt lat="50.503368" lon="9.951540"/>
<trkpt lat="50.503395" lon="9.951391"/>
<trkpt lat="50.503415" lon="9.951232"/>
<trkpt lat="50.503433" lon="9.951027"/>
<trkpt lat="50.503476" lon="9.950174"/>
<trkpt lat="50.503491" lon="9.949969"/>
<trkpt lat="50.503508" lon="9.949806"/>
<trkpt lat="50.503530" lon="9.949634"/>
<trkpt lat="50.503563" lon="9.949455"/>
<trkpt lat="50.503602" lon="9.949252"/>
<trkpt lat="50.503684" lon="9.948906"/>
<trkpt lat="50.503847" lon="9.948222"/>
<trkpt lat="50.504312" lon="9.946159"/>
<trkpt lat="50.504358" lon="9.945969"/>
<trkpt lat="50.504423" lon="9.945752"/>
<trkpt lat="50.504488" lon="9.945572"/>
<trkpt lat="50.504564" lon="9.945391"/>
<trkpt lat="50.504631" lon="9.945258"/>
<trkpt lat="50.504700" lon="9.945138"/>
<trkpt lat="50.504790" lon="9.944991"/>
<trkpt lat="50.504875" lon="9.944869"/>
<trkpt lat="50.504987" lon="9.944720"/>
<trkpt lat="50.505419" lon="9.944213"/>
<trkpt lat="50.505570" lon="9.944034"/>
<trkpt lat="50.505686" lon="9.943881"/>
<trkpt lat="50.505959" lon="9.943500"/>
<trkpt lat="50.507381" lon="9.941467"/>
<trkpt lat="50.508111" lon="9.940421"/>
<trkpt lat="50.508736" lon="9.939516"/>
<trkpt lat="50.508805" lon="9.939410"/>
<trkpt lat="50.508864" lon="9.939312"/>
<trkpt lat="50.508922" lon="9.939205"/>
<trkpt lat="50.508989" lon="9.939065"/>
<trkpt lat="50.509034" lon="9.938957"/>
<trkpt lat="50.509071" lon="9.938865"/>
<trkpt lat="50.509109" lon="9.938759"/>
<trkpt lat="50.509149" lon="9.938628"/>
<trkpt lat="50.509187" lon="9.938486"/>
<trkpt lat="50.509218" lon="9.938356"/>
<trkpt lat="50.509243" lon="9.938237"/>
<trkpt lat="50.509264" lon="9.938112"/>
<trkpt lat="50.509283" lon="9.937983"/>
<trkpt lat="50.509304" lon="9.937803"/>
<trkpt lat="50.509479" lon="9.936159"/>
<trkpt lat="50.509513" lon="9.935814"/>
<trkpt lat="50.509539" lon="9.935551"/>
<trkpt lat="50.509559" lon="9.935299"/>
<trkpt lat="50.509578" lon="9.934943"/>
<trkpt lat="50.509600" lon="9.934352"/>
<trkpt lat="50.509642" lon="9.932820"/>
<trkpt lat="50.509651" lon="9.932522"/>
<trkpt lat="50.509658" lon="9.932271"/>
<trkpt lat="50.509661" lon="9.932093"/>
<trkpt lat="50.509662" lon="9.931955"/>
<trkpt lat="50.509662" lon="9.931786"/>
<trkpt lat="50.509656" lon="9.931571"/>
<trkpt lat="50.509644" lon="9.931357"/>
<trkpt lat="50.509620" lon="9.931063"/>
<trkpt lat="50.509487" lon="9.929516"/>
<trkpt lat="50.509467" lon="9.929165"/>
<trkpt lat="50.509464" lon="9.928954"/>
<trkpt lat="50.509468" lon="9.928829"/>
<trkpt lat="50.509478" lon="9.928691"/>
<trkpt lat="50.509493" lon="9.928543"/>
<trkpt lat="50.509512" lon="9.928407"/>
<trkpt lat="50.509535" lon="9.928262"/>
<trkpt lat="50.509555" lon="9.928149"/>
<trkpt lat="50.509578" lon="9.928045"/>
<trkpt lat="50.509607" lon="9.927927"/>
<trkpt lat="50.509635" lon="9.927822"/>
<trkpt lat="50.509672" lon="9.927701"/>
<trkpt lat="50.509717" lon="9.927572"/>
<trkpt lat="50.509766" lon="9.927447"/>
<trkpt lat="50.509804" lon="9.927378"/>
<trkpt lat="50.509833" lon="9.927328"/>
<trkpt lat="50.509884" lon="9.927249"/>
<trkpt lat="50.509936" lon="9.927178"/>
<trkpt lat="50.510001" lon="9.927107"/>
<trkpt lat="50.510051" lon="9.927071"/>
<trkpt lat="50.509950" lon="9.926738"/>
<trkpt lat="50.509915" lon="9.926671"/>
<trkpt lat="50.509881" lon="9.926620"/>
<trkpt lat="50.509829" lon="9.926567"/>
<trkpt lat="50.509560" lon="9.926413"/>
<trkpt lat="50.509512" lon="9.926361"/>
<trkpt lat="50.509487" lon="9.926313"/>
<trkpt lat="50.509466" lon="9.926250"/>
<trkpt lat="50.509424" lon="9.926045"/>
<trkpt lat="50.509371" lon="9.925891"/>
<trkpt lat="50.509199" lon="9.925558"/>
<trkpt lat="50.509022" lon="9.925055"/>
<trkpt lat="50.508950" lon="9.924924"/>
<trkpt lat="50.508862" lon="9.924823"/>
<trkpt lat="50.508681" lon="9.924662"/>
<trkpt lat="50.508487" lon="9.924440"/>
<trkpt lat="50.508368" lon="9.924279"/>
<trkpt lat="50.508315" lon="9.924175"/>
<trkpt lat="50.508310" lon="9.924165"/>
<trkpt lat="50.508274" lon="9.924070"/>
<trkpt lat="50.508238" lon="9.923915"/>
<trkpt lat="50.508138" lon="9.923336"/>
<trkpt lat="50.508107" lon="9.923168"/>
<trkpt lat="50.508057" lon="9.922978"/>
<trkpt lat="50.507936" lon="9.922620"/>
<trkpt lat="50.507832" lon="9.922269"/>
<trkpt lat="50.507754" lon="9.921946"/>
<trkpt lat="50.507475" lon="9.921068"/>
<trkpt lat="50.507374" lon="9.920885"/>
<trkpt lat="50.506606" lon="9.919945"/>
<trkpt lat="50.506564" lon="9.919918"/>
<trkpt lat="50.506542" lon="9.919904"/>
<trkpt lat="50.506377" lon="9.919800"/>
<trkpt lat="50.506267" lon="9.919762"/>
<trkpt lat="50.506147" lon="9.919738"/>
<trkpt lat="50.506024" lon="9.919714"/>
<trkpt lat="50.505884" lon="9.919691"/>
<trkpt lat="50.505845" lon="9.919685"/>
<trkpt lat="50.505317" lon="9.919594"/>
<trkpt lat="50.505049" lon="9.919519"/>
<trkpt lat="50.504703" lon="9.919406"/>
<trkpt lat="50.504523" lon="9.919354"/>
<trkpt lat="50.504426" lon="9.919336"/>
<trkpt lat="50.504328" lon="9.919327"/>
<trkpt lat="50.504230" lon="9.919327"/>
<trkpt lat="50.504133" lon="9.919336"/>
<trkpt lat="50.503907" lon="9.919389"/>
<trkpt lat="50.503797" lon="9.919413"/>
<trkpt lat="50.503729" lon="9.919420"/>
<trkpt lat="50.503615" lon="9.919423"/>
<trkpt lat="50.503501" lon="9.919412"/>
<trkpt lat="50.503388" lon="9.919387"/>
<trkpt lat="50.503276" lon="9.919348"/>
<trkpt lat="50.503167" lon="9.919297"/>
<trkpt lat="50.503002" lon="9.919202"/>
<trkpt lat="50.502288" lon="9.918771"/>
<trkpt lat="50.502217" lon="9.918737"/>
<trkpt lat="50.502114" lon="9.918694"/>
<trkpt lat="50.501996" lon="9.918654"/>
<trkpt lat="50.501580" lon="9.918522"/>
<trkpt lat="50.499227" lon="9.917749"/>
<trkpt lat="50.499102" lon="9.917709"/>
<trkpt lat="50.498977" lon="9.917657"/>
<trkpt lat="50.498864" lon="9.917588"/>
<trkpt lat="50.498778" lon="9.917517"/>
<trkpt lat="50.498709" lon="9.917446"/>
<trkpt lat="50.498647" lon="9.917370"/>
<trkpt lat="50.498599" lon="9.917302"/>
<trkpt lat="50.498569" lon="9.917253"/>
<trkpt lat="50.498495" lon="9.917114"/>
<trkpt lat="50.498428" lon="9.916949"/>
<trkpt lat="50.498295" lon="9.916591"/>
<trkpt lat="50.498060" lon="9.915971"/>
<trkpt lat="50.498012" lon="9.915876"/>
<trkpt lat="50.497962" lon="9.915789"/>
<trkpt lat="50.497904" lon="9.915706"/>
<trkpt lat="50.497829" lon="9.915628"/>
<trkpt lat="50.497753" lon="9.915557"/>
<trkpt lat="50.497701" lon="9.915516"/>
<trkpt lat="50.497637" lon="9.915467"/>
<trkpt lat="50.497070" lon="9.915045"/>
<trkpt lat="50.496941" lon="9.914927"/>
<trkpt lat="50.496814" lon="9.914772"/>
<trkpt lat="50.496741" lon="9.914660"/>
<trkpt lat="50.496669" lon="9.914518"/>
<trkpt lat="50.496571" lon="9.914290"/>
<trkpt lat="50.496527" lon="9.914203"/>
<trkpt lat="50.496428" lon="9.914007"/>
<trkpt lat="50.496190" lon="9.913577"/>
<trkpt lat="50.496082" lon="9.913400"/>
<trkpt lat="50.495947" lon="9.913230"/>
<trkpt lat="50.495767" lon="9.913041"/>
<trkpt lat="50.495652" lon="9.912934"/>
<trkpt lat="50.495479" lon="9.912772"/>
<trkpt lat="50.494644" lon="9.911996"/>
<trkpt lat="50.494551" lon="9.911902"/>
<trkpt lat="50.494286" lon="9.911673"/>
<trkpt lat="50.494095" lon="9.911520"/>
<trkpt lat="50.493414" lon="9.911039"/>
<trkpt lat="50.492841" lon="9.910638"/>
<trkpt lat="50.492645" lon="9.910502"/>
<trkpt lat="50.492061" lon="9.910101"/>
<trkpt lat="50.491645" lon="9.909812"/>
<trkpt lat="50.490387" lon="9.908929"/>
<trkpt lat="50.490213" lon="9.908813"/>
<trkpt lat="50.490067" lon="9.908728"/>
<trkpt lat="50.490007" lon="9.908699"/>
<trkpt lat="50.489882" lon="9.908638"/>
<trkpt lat="50.489685" lon="9.908561"/>
<trkpt lat="50.489492" lon="9.908505"/>
<trkpt lat="50.489334" lon="9.908472"/>
<trkpt lat="50.489166" lon="9.908450"/>
<trkpt lat="50.488957" lon="9.908441"/>
<trkpt lat="50.488745" lon="9.908452"/>
<trkpt lat="50.488545" lon="9.908481"/>
<trkpt lat="50.487907" lon="9.908640"/>
<trkpt lat="50.487711" lon="9.908702"/>
<trkpt lat="50.487514" lon="9.908782"/>
<trkpt lat="50.487313" lon="9.908881"/>
<trkpt lat="50.487122" lon="9.908989"/>
<trkpt lat="50.486961" lon="9.909092"/>
<trkpt lat="50.486802" lon="9.909222"/>
<trkpt lat="50.486633" lon="9.909383"/>
<trkpt lat="50.486458" lon="9.909569"/>
<trkpt lat="50.486289" lon="9.909783"/>
<trkpt lat="50.486220" lon="9.909884"/>
<trkpt lat="50.486135" lon="9.910021"/>
<trkpt lat="50.486025" lon="9.910215"/>
<trkpt lat="50.485921" lon="9.910426"/>
<trkpt lat="50.485829" lon="9.910627"/>
<trkpt lat="50.485736" lon="9.910869"/>
<trkpt lat="50.485337" lon="9.911999"/>
<trkpt lat="50.485208" lon="9.912321"/>
<trkpt lat="50.485126" lon="9.912498"/>
<trkpt lat="50.485012" lon="9.912724"/>
<trkpt lat="50.484908" lon="9.912894"/>
<trkpt lat="50.484785" lon="9.913062"/>
<trkpt lat="50.484658" lon="9.913206"/>
<trkpt lat="50.484549" lon="9.913309"/>
<trkpt lat="50.484434" lon="9.913400"/>
<trkpt lat="50.484312" lon="9.913479"/>
<trkpt lat="50.484194" lon="9.913540"/>
<trkpt lat="50.484087" lon="9.913583"/>
<trkpt lat="50.483958" lon="9.913619"/>
<trkpt lat="50.483833" lon="9.913640"/>
<trkpt lat="50.483716" lon="9.913646"/>
<trkpt lat="50.483576" lon="9.913638"/>
<trkpt lat="50.483370" lon="9.913592"/>
<trkpt lat="50.483252" lon="9.913549"/>
<trkpt lat="50.483137" lon="9.913492"/>
<trkpt lat="50.483025" lon="9.913423"/>
<trkpt lat="50.482916" lon="9.913340"/>
<trkpt lat="50.482818" lon="9.913250"/>
<trkpt lat="50.482724" lon="9.913151"/>
<trkpt lat="50.482634" lon="9.913041"/>
<trkpt lat="50.482550" lon="9.912921"/>
<trkpt lat="50.481553" lon="9.911422"/>
<trkpt lat="50.481474" lon="9.911303"/>
<trkpt lat="50.481331" lon="9.911077"/>
<trkpt lat="50.481264" lon="9.910971"/>
<trkpt lat="50.481048" lon="9.910650"/>
<trkpt lat="50.480848" lon="9.910355"/>
<trkpt lat="50.480664" lon="9.910116"/>
<trkpt lat="50.480506" lon="9.909934"/>
<trkpt lat="50.480309" lon="9.909742"/>
<trkpt lat="50.480126" lon="9.909597"/>
<trkpt lat="50.479975" lon="9.909501"/>
<trkpt lat="50.479829" lon="9.909418"/>
<trkpt lat="50.479680" lon="9.909347"/>
<trkpt lat="50.479529" lon="9.909290"/>
<trkpt lat="50.479504" lon="9.909283"/>
<trkpt lat="50.479409" lon="9.909255"/>
<trkpt lat="50.479289" lon="9.909228"/>
<trkpt lat="50.479168" lon="9.909210"/>
<trkpt lat="50.479046" lon="9.909200"/>
<trkpt lat="50.478925" lon="9.909198"/>
<trkpt lat="50.478795" lon="9.909203"/>
<trkpt lat="50.478363" lon="9.909249"/>
<trkpt lat="50.477411" lon="9.909364"/>
<trkpt lat="50.477370" lon="9.909369"/>
<trkpt lat="50.476758" lon="9.909442"/>
<trkpt lat="50.476568" lon="9.909470"/>
<trkpt lat="50.476461" lon="9.909492"/>
<trkpt lat="50.476368" lon="9.909513"/>
<trkpt lat="50.476236" lon="9.909560"/>
<trkpt lat="50.476058" lon="9.909641"/>
<trkpt lat="50.475898" lon="9.909748"/>
<trkpt lat="50.475805" lon="9.909813"/>
<trkpt lat="50.475697" lon="9.909920"/>
<trkpt lat="50.475526" lon="9.910129"/>
<trkpt lat="50.475369" lon="9.910367"/>
<trkpt lat="50.475257" lon="9.910575"/>
<trkpt lat="50.475107" lon="9.910888"/>
<trkpt lat="50.474845" lon="9.911513"/>
<trkpt lat="50.474046" lon="9.913429"/>
<trkpt lat="50.473830" lon="9.913956"/>
<trkpt lat="50.473749" lon="9.914163"/>
<trkpt lat="50.473694" lon="9.914323"/>
<trkpt lat="50.473655" lon="9.914450"/>
<trkpt lat="50.473589" lon="9.914701"/>
<trkpt lat="50.473382" lon="9.915579"/>
<trkpt lat="50.473085" lon="9.916848"/>
<trkpt lat="50.473006" lon="9.917122"/>
<trkpt lat="50.472937" lon="9.917301"/>
<trkpt lat="50.472831" lon="9.917493"/>
<trkpt lat="50.472732" lon="9.917631"/>
<trkpt lat="50.472627" lon="9.917738"/>
<trkpt lat="50.472542" lon="9.917798"/>
<trkpt lat="50.472468" lon="9.917844"/>
<trkpt lat="50.472390" lon="9.917870"/>
<trkpt lat="50.472311" lon="9.917891"/>
<trkpt lat="50.472167" lon="9.917907"/>
<trkpt lat="50.472043" lon="9.917892"/>
<trkpt lat="50.471935" lon="9.917854"/>
<trkpt lat="50.471834" lon="9.917794"/>
<trkpt lat="50.471705" lon="9.917684"/>
<trkpt lat="50.471564" lon="9.917522"/>
<trkpt lat="50.471182" lon="9.916940"/>
<trkpt lat="50.471047" lon="9.916769"/>
<trkpt lat="50.470948" lon="9.916660"/>
<trkpt lat="50.470833" lon="9.916540"/>
<trkpt lat="50.470793" lon="9.916503"/>
<trkpt lat="50.470616" lon="9.916352"/>
<trkpt lat="50.470472" lon="9.916253"/>
<trkpt lat="50.470262" lon="9.916119"/>
<trkpt lat="50.469995" lon="9.915971"/>
<trkpt lat="50.468632" lon="9.915294"/>
<trkpt lat="50.467889" lon="9.914934"/>
<trkpt lat="50.467368" lon="9.914682"/>
<trkpt lat="50.467244" lon="9.914636"/>
<trkpt lat="50.467092" lon="9.914598"/>
<trkpt lat="50.466948" lon="9.914588"/>
<trkpt lat="50.466873" lon="9.914599"/>
<trkpt lat="50.466799" lon="9.914616"/>
<trkpt lat="50.466745" lon="9.914634"/>
<trkpt lat="50.466607" lon="9.914713"/>
<trkpt lat="50.466459" lon="9.914839"/>
<trkpt lat="50.466339" lon="9.914962"/>
<trkpt lat="50.466217" lon="9.915146"/>
<trkpt lat="50.466129" lon="9.915312"/>
<trkpt lat="50.466049" lon="9.915520"/>
<trkpt lat="50.465981" lon="9.915804"/>
<trkpt lat="50.465941" lon="9.916007"/>
<trkpt lat="50.465906" lon="9.916210"/>
<trkpt lat="50.465714" lon="9.917342"/>
<trkpt lat="50.465636" lon="9.917768"/>
<trkpt lat="50.465610" lon="9.917909"/>
<trkpt lat="50.465590" lon="9.918013"/>
<trkpt lat="50.465458" lon="9.918710"/>
<trkpt lat="50.465360" lon="9.919213"/>
<trkpt lat="50.465311" lon="9.919410"/>
<trkpt lat="50.465250" lon="9.919596"/>
<trkpt lat="50.465173" lon="9.919774"/>
<trkpt lat="50.465077" lon="9.919959"/>
<trkpt lat="50.465016" lon="9.920056"/>
<trkpt lat="50.464719" lon="9.920452"/>
<trkpt lat="50.464524" lon="9.920697"/>
<trkpt lat="50.464307" lon="9.920946"/>
<trkpt lat="50.464214" lon="9.921021"/>
<trkpt lat="50.464144" lon="9.921059"/>
<trkpt lat="50.464100" lon="9.921074"/>
<trkpt lat="50.464001" lon="9.921099"/>
<trkpt lat="50.463870" lon="9.921086"/>
<trkpt lat="50.463758" lon="9.921044"/>
<trkpt lat="50.463642" lon="9.920967"/>
<trkpt lat="50.463496" lon="9.920838"/>
<trkpt lat="50.462865" lon="9.920162"/>
<trkpt lat="50.462199" lon="9.919392"/>
<trkpt lat="50.462166" lon="9.919349"/>
<trkpt lat="50.462016" lon="9.919182"/>
<trkpt lat="50.461932" lon="9.919103"/>
<trkpt lat="50.461850" lon="9.919045"/>
<trkpt lat="50.461745" lon="9.918996"/>
<trkpt lat="50.461610" lon="9.918965"/>
<trkpt lat="50.461498" lon="9.918964"/>
<trkpt lat="50.461394" lon="9.918980"/>
<trkpt lat="50.461283" lon="9.919036"/>
<trkpt lat="50.461177" lon="9.919130"/>
<trkpt lat="50.461070" lon="9.919263"/>
<trkpt lat="50.460959" lon="9.919460"/>
<trkpt lat="50.460853" lon="9.919731"/>
<trkpt lat="50.460675" lon="9.920238"/>
<trkpt lat="50.460556" lon="9.920619"/>
<trkpt lat="50.460424" lon="9.921027"/>
<trkpt lat="50.460254" lon="9.921486"/>
<trkpt lat="50.460155" lon="9.921714"/>
<trkpt lat="50.460086" lon="9.921839"/>
<trkpt lat="50.460020" lon="9.921931"/>
<trkpt lat="50.459956" lon="9.922000"/>
<trkpt lat="50.459941" lon="9.922011"/>
<trkpt lat="50.459826" lon="9.922076"/>
<trkpt lat="50.459501" lon="9.922226"/>
<trkpt lat="50.459386" lon="9.922263"/>
<trkpt lat="50.459291" lon="9.922289"/>
<trkpt lat="50.459218" lon="9.922297"/>
<trkpt lat="50.459111" lon="9.922307"/>
<trkpt lat="50.459002" lon="9.922295"/>
<trkpt lat="50.458899" lon="9.922260"/>
<trkpt lat="50.458535" lon="9.922109"/>
<trkpt lat="50.458465" lon="9.922085"/>
<trkpt lat="50.458369" lon="9.922060"/>
<trkpt lat="50.458244" lon="9.922038"/>
<trkpt lat="50.457993" lon="9.922021"/>
<trkpt lat="50.457711" lon="9.921996"/>
<trkpt lat="50.457543" lon="9.921973"/>
<trkpt lat="50.457263" lon="9.921924"/>
<trkpt lat="50.457174" lon="9.921913"/>
<trkpt lat="50.457080" lon="9.921907"/>
<trkpt lat="50.457001" lon="9.921912"/>
<trkpt lat="50.456917" lon="9.921923"/>
<trkpt lat="50.456811" lon="9.921957"/>
<trkpt lat="50.456738" lon="9.921994"/>
<trkpt lat="50.456645" lon="9.922056"/>
<trkpt lat="50.456552" lon="9.922148"/>
<trkpt lat="50.456393" lon="9.922350"/>
<trkpt lat="50.456251" lon="9.922602"/>
<trkpt lat="50.456084" lon="9.922930"/>
<trkpt lat="50.455969" lon="9.923181"/>
<trkpt lat="50.455893" lon="9.923372"/>
<trkpt lat="50.455829" lon="9.923587"/>
<trkpt lat="50.455785" lon="9.923759"/>
<trkpt lat="50.455747" lon="9.923962"/>
<trkpt lat="50.455722" lon="9.924169"/>
<trkpt lat="50.455717" lon="9.924366"/>
<trkpt lat="50.455720" lon="9.924568"/>
<trkpt lat="50.455741" lon="9.924801"/>
<trkpt lat="50.455765" lon="9.924978"/>
<trkpt lat="50.455801" lon="9.925150"/>
<trkpt lat="50.455881" lon="9.925443"/>
<trkpt lat="50.456101" lon="9.926131"/>
<trkpt lat="50.456169" lon="9.926385"/>
<trkpt lat="50.456212" lon="9.926628"/>
<trkpt lat="50.456231" lon="9.926864"/>
<trkpt lat="50.456226" lon="9.927104"/>
<trkpt lat="50.456197" lon="9.927329"/>
<trkpt lat="50.456147" lon="9.927521"/>
<trkpt lat="50.456073" lon="9.927720"/>
<trkpt lat="50.455980" lon="9.927898"/>
<trkpt lat="50.455845" lon="9.928077"/>
<trkpt lat="50.455720" lon="9.928192"/>
<trkpt lat="50.455579" lon="9.928267"/>
<trkpt lat="50.455427" lon="9.928317"/>
<trkpt lat="50.455332" lon="9.928324"/>
<trkpt lat="50.455130" lon="9.928311"/>
<trkpt lat="50.454943" lon="9.928261"/>
<trkpt lat="50.454529" lon="9.928117"/>
<trkpt lat="50.454435" lon="9.928090"/>
<trkpt lat="50.454370" lon="9.928078"/>
<trkpt lat="50.454291" lon="9.928070"/>
<trkpt lat="50.454240" lon="9.928068"/>
<trkpt lat="50.454156" lon="9.928071"/>
<trkpt lat="50.454056" lon="9.928085"/>
<trkpt lat="50.453951" lon="9.928109"/>
<trkpt lat="50.453857" lon="9.928141"/>
<trkpt lat="50.453690" lon="9.928217"/>
<trkpt lat="50.453553" lon="9.928306"/>
<trkpt lat="50.453421" lon="9.928405"/>
<trkpt lat="50.453386" lon="9.928430"/>
<trkpt lat="50.452975" lon="9.928680"/>
<trkpt lat="50.452914" lon="9.928722"/>
<trkpt lat="50.452754" lon="9.928247"/>
<trkpt lat="50.452532" lon="9.927459"/>
<trkpt lat="50.452468" lon="9.927225"/>
<trkpt lat="50.452365" lon="9.926893"/>
<trkpt lat="50.452246" lon="9.926499"/>
<trkpt lat="50.452123" lon="9.926152"/>
<trkpt lat="50.452000" lon="9.925815"/>
<trkpt lat="50.451863" lon="9.925455"/>
<trkpt lat="50.451226" lon="9.923927"/>
<trkpt lat="50.451145" lon="9.923704"/>
<trkpt lat="50.451096" lon="9.923563"/>
<trkpt lat="50.451055" lon="9.923424"/>
<trkpt lat="50.451042" lon="9.923390"/>
<trkpt lat="50.450942" lon="9.922983"/>
<trkpt lat="50.450892" lon="9.922727"/>
<trkpt lat="50.450848" lon="9.922461"/>
<trkpt lat="50.450791" lon="9.921910"/>
<trkpt lat="50.450774" lon="9.921742"/>
<trkpt lat="50.450745" lon="9.921520"/>
<trkpt lat="50.450715" lon="9.921381"/>
<trkpt lat="50.450686" lon="9.921270"/>
<trkpt lat="50.450649" lon="9.921160"/>
<trkpt lat="50.450601" lon="9.921054"/>
<trkpt lat="50.450540" lon="9.920944"/>
<trkpt lat="50.450490" lon="9.920872"/>
<trkpt lat="50.450433" lon="9.920803"/>
<trkpt lat="50.450322" lon="9.920710"/>
<trkpt lat="50.450156" lon="9.920579"/>
<trkpt lat="50.450103" lon="9.920537"/>
<trkpt lat="50.449999" lon="9.920443"/>
<trkpt lat="50.449943" lon="9.920323"/>
<trkpt lat="50.449868" lon="9.920225"/>
<trkpt lat="50.449732" lon="9.920027"/>
<trkpt lat="50.449659" lon="9.919878"/>
<trkpt lat="50.449621" lon="9.919793"/>
<trkpt lat="50.449605" lon="9.919757"/>
<trkpt lat="50.449530" lon="9.919588"/>
<trkpt lat="50.449459" lon="9.919637"/>
<trkpt lat="50.449303" lon="9.919724"/>
<trkpt lat="50.449268" lon="9.919739"/>
<trkpt lat="50.448745" lon="9.919977"/>
<trkpt lat="50.448715" lon="9.919991"/>
<trkpt lat="50.448685" lon="9.920000"/>
<trkpt lat="50.448598" lon="9.920028"/>
<trkpt lat="50.448442" lon="9.920057"/>
<trkpt lat="50.447243" lon="9.920075"/>
<trkpt lat="50.446873" lon="9.920076"/>
<trkpt lat="50.446502" lon="9.920084"/>
<trkpt lat="50.446162" lon="9.920088"/>
<trkpt lat="50.446026" lon="9.920086"/>
<trkpt lat="50.445849" lon="9.920080"/>
<trkpt lat="50.445758" lon="9.920068"/>
<trkpt lat="50.445654" lon="9.920048"/>
<trkpt lat="50.445544" lon="9.920018"/>
<trkpt lat="50.445410" lon="9.919971"/>
<trkpt lat="50.445288" lon="9.919917"/>
<trkpt lat="50.444985" lon="9.919759"/>
<trkpt lat="50.444677" lon="9.919571"/>
<trkpt lat="50.444383" lon="9.919306"/>
<trkpt lat="50.444081" lon="9.918992"/>
<trkpt lat="50.443834" lon="9.918711"/>
<trkpt lat="50.443776" lon="9.918616"/>
<trkpt lat="50.443593" lon="9.918411"/>
<trkpt lat="50.443384" lon="9.918182"/>
<trkpt lat="50.443031" lon="9.917795"/>
<trkpt lat="50.442900" lon="9.917657"/>
<trkpt lat="50.442789" lon="9.917544"/>
<trkpt lat="50.442677" lon="9.917441"/>
<trkpt lat="50.442570" lon="9.917349"/>
<trkpt lat="50.442434" lon="9.917237"/>
<trkpt lat="50.442304" lon="9.917152"/>
<trkpt lat="50.442206" lon="9.917116"/>
<trkpt lat="50.442147" lon="9.917076"/>
<trkpt lat="50.441976" lon="9.916966"/>
<trkpt lat="50.441802" lon="9.916867"/>
<trkpt lat="50.441625" lon="9.916779"/>
<trkpt lat="50.441447" lon="9.916703"/>
<trkpt lat="50.441266" lon="9.916639"/>
<trkpt lat="50.441079" lon="9.916585"/>
<trkpt lat="50.440890" lon="9.916543"/>
<trkpt lat="50.440712" lon="9.916516"/>
<trkpt lat="50.440533" lon="9.916510"/>
<trkpt lat="50.440371" lon="9.916516"/>
<trkpt lat="50.440209" lon="9.916533"/>
<trkpt lat="50.440048" lon="9.916561"/>
<trkpt lat="50.439888" lon="9.916600"/>
<trkpt lat="50.439712" lon="9.916654"/>
<trkpt lat="50.439538" lon="9.916722"/>
<trkpt lat="50.439367" lon="9.916804"/>
<trkpt lat="50.439184" lon="9.916915"/>
<trkpt lat="50.439055" lon="9.917006"/>
<trkpt lat="50.438950" lon="9.917082"/>
<trkpt lat="50.438841" lon="9.917166"/>
<trkpt lat="50.438726" lon="9.917264"/>
<trkpt lat="50.438602" lon="9.917382"/>
<trkpt lat="50.438453" lon="9.917538"/>
<trkpt lat="50.437956" lon="9.918090"/>
<trkpt lat="50.437861" lon="9.918197"/>
<trkpt lat="50.436869" lon="9.919299"/>
<trkpt lat="50.436387" lon="9.919842"/>
<trkpt lat="50.435909" lon="9.920375"/>
<trkpt lat="50.434911" lon="9.921491"/>
<trkpt lat="50.434720" lon="9.921730"/>
<trkpt lat="50.434525" lon="9.921983"/>
<trkpt lat="50.434234" lon="9.922404"/>
<trkpt lat="50.433862" lon="9.922989"/>
<trkpt lat="50.433571" lon="9.923457"/>
<trkpt lat="50.433438" lon="9.923731"/>
<trkpt lat="50.433346" lon="9.923950"/>
<trkpt lat="50.433260" lon="9.924192"/>
<trkpt lat="50.433147" lon="9.924541"/>
<trkpt lat="50.433057" lon="9.924822"/>
<trkpt lat="50.432967" lon="9.925110"/>
<trkpt lat="50.432899" lon="9.925346"/>
<trkpt lat="50.432842" lon="9.925573"/>
<trkpt lat="50.432795" lon="9.925772"/>
<trkpt lat="50.432741" lon="9.926019"/>
<trkpt lat="50.432697" lon="9.926254"/>
<trkpt lat="50.432651" lon="9.926534"/>
<trkpt lat="50.432569" lon="9.927123"/>
<trkpt lat="50.432526" lon="9.927399"/>
<trkpt lat="50.432479" lon="9.927666"/>
<trkpt lat="50.432418" lon="9.927939"/>
<trkpt lat="50.432343" lon="9.928174"/>
<trkpt lat="50.432225" lon="9.928452"/>
<trkpt lat="50.432092" lon="9.928702"/>
<trkpt lat="50.431950" lon="9.928899"/>
<trkpt lat="50.431829" lon="9.929037"/>
<trkpt lat="50.431687" lon="9.929162"/>
<trkpt lat="50.431544" lon="9.929263"/>
<trkpt lat="50.431395" lon="9.929348"/>
<trkpt lat="50.431263" lon="9.929394"/>
<trkpt lat="50.431141" lon="9.929420"/>
<trkpt lat="50.431019" lon="9.929435"/>
<trkpt lat="50.430897" lon="9.929438"/>
<trkpt lat="50.430771" lon="9.929429"/>
<trkpt lat="50.430639" lon="9.929405"/>
<trkpt lat="50.430533" lon="9.929376"/>
<trkpt lat="50.430401" lon="9.929331"/>
<trkpt lat="50.429759" lon="9.929070"/>
<trkpt lat="50.429665" lon="9.929041"/>
<trkpt lat="50.429569" lon="9.929021"/>
<trkpt lat="50.429473" lon="9.929013"/>
<trkpt lat="50.429376" lon="9.929014"/>
<trkpt lat="50.429280" lon="9.929026"/>
<trkpt lat="50.429180" lon="9.929050"/>
<trkpt lat="50.429081" lon="9.929086"/>
<trkpt lat="50.428985" lon="9.929132"/>
<trkpt lat="50.428890" lon="9.929189"/>
<trkpt lat="50.428799" lon="9.929257"/>
<trkpt lat="50.428036" lon="9.929862"/>
<trkpt lat="50.427020" lon="9.930666"/>
<trkpt lat="50.426654" lon="9.930983"/>
<trkpt lat="50.426561" lon="9.931069"/>
<trkpt lat="50.426414" lon="9.931241"/>
<trkpt lat="50.426315" lon="9.931377"/>
<trkpt lat="50.426200" lon="9.931568"/>
<trkpt lat="50.426085" lon="9.931804"/>
<trkpt lat="50.425702" lon="9.932688"/>
<trkpt lat="50.425652" lon="9.932794"/>
<trkpt lat="50.425596" lon="9.932893"/>
<trkpt lat="50.425536" lon="9.932985"/>
<trkpt lat="50.425470" lon="9.933068"/>
<trkpt lat="50.425396" lon="9.933146"/>
<trkpt lat="50.425318" lon="9.933214"/>
<trkpt lat="50.425237" lon="9.933270"/>
<trkpt lat="50.425152" lon="9.933314"/>
<trkpt lat="50.425066" lon="9.933347"/>
<trkpt lat="50.424978" lon="9.933367"/>
<trkpt lat="50.424214" lon="9.933509"/>
<trkpt lat="50.423965" lon="9.933552"/>
<trkpt lat="50.423838" lon="9.933578"/>
<trkpt lat="50.423712" lon="9.933619"/>
<trkpt lat="50.423589" lon="9.933674"/>
<trkpt lat="50.423469" lon="9.933743"/>
<trkpt lat="50.423368" lon="9.933813"/>
<trkpt lat="50.423270" lon="9.933894"/>
<trkpt lat="50.423176" lon="9.933984"/>
<trkpt lat="50.423086" lon="9.934084"/>
<trkpt lat="50.423000" lon="9.934192"/>
<trkpt lat="50.422919" lon="9.934309"/>
<trkpt lat="50.422826" lon="9.934457"/>
<trkpt lat="50.422739" lon="9.934610"/>
<trkpt lat="50.422663" lon="9.934770"/>
<trkpt lat="50.422596" lon="9.934928"/>
<trkpt lat="50.422546" lon="9.935044"/>
<trkpt lat="50.422457" lon="9.935251"/>
<trkpt lat="50.422209" lon="9.935827"/>
<trkpt lat="50.422185" lon="9.935885"/>
<trkpt lat="50.422158" lon="9.935947"/>
<trkpt lat="50.421801" lon="9.936748"/>
<trkpt lat="50.421719" lon="9.936918"/>
<trkpt lat="50.421631" lon="9.937081"/>
<trkpt lat="50.421539" lon="9.937238"/>
<trkpt lat="50.421441" lon="9.937388"/>
<trkpt lat="50.421340" lon="9.937529"/>
<trkpt lat="50.421228" lon="9.937669"/>
<trkpt lat="50.421113" lon="9.937800"/>
<trkpt lat="50.420993" lon="9.937922"/>
<trkpt lat="50.420870" lon="9.938034"/>
<trkpt lat="50.420743" lon="9.938136"/>
<trkpt lat="50.420613" lon="9.938228"/>
<trkpt lat="50.420396" lon="9.938362"/>
<trkpt lat="50.420223" lon="9.938458"/>
<trkpt lat="50.419137" lon="9.938987"/>
<trkpt lat="50.418979" lon="9.939071"/>
<trkpt lat="50.418813" lon="9.939175"/>
<trkpt lat="50.418664" lon="9.939272"/>
<trkpt lat="50.418499" lon="9.939394"/>
<trkpt lat="50.418359" lon="9.939526"/>
<trkpt lat="50.418219" lon="9.939639"/>
<trkpt lat="50.418074" lon="9.939781"/>
<trkpt lat="50.417941" lon="9.939935"/>
<trkpt lat="50.417812" lon="9.940099"/>
<trkpt lat="50.417688" lon="9.940272"/>
<trkpt lat="50.417569" lon="9.940453"/>
<trkpt lat="50.417455" lon="9.940643"/>
<trkpt lat="50.417338" lon="9.940858"/>
<trkpt lat="50.417228" lon="9.941083"/>
<trkpt lat="50.417125" lon="9.941315"/>
<trkpt lat="50.417029" lon="9.941556"/>
<trkpt lat="50.416745" lon="9.942308"/>
<trkpt lat="50.416646" lon="9.942549"/>
<trkpt lat="50.416540" lon="9.942782"/>
<trkpt lat="50.416426" lon="9.943006"/>
<trkpt lat="50.416306" lon="9.943220"/>
<trkpt lat="50.416203" lon="9.943385"/>
<trkpt lat="50.416097" lon="9.943544"/>
<trkpt lat="50.415986" lon="9.943695"/>
<trkpt lat="50.415872" lon="9.943839"/>
<trkpt lat="50.415637" lon="9.944126"/>
<trkpt lat="50.415398" lon="9.944403"/>
<trkpt lat="50.415104" lon="9.944727"/>
<trkpt lat="50.414661" lon="9.945168"/>
<trkpt lat="50.414301" lon="9.945489"/>
<trkpt lat="50.413841" lon="9.945862"/>
<trkpt lat="50.413551" lon="9.946070"/>
<trkpt lat="50.413234" lon="9.946285"/>
<trkpt lat="50.412772" lon="9.946551"/>
<trkpt lat="50.412503" lon="9.946677"/>
<trkpt lat="50.412280" lon="9.946778"/>
<trkpt lat="50.412103" lon="9.946832"/>
<trkpt lat="50.411863" lon="9.946894"/>
<trkpt lat="50.411529" lon="9.946971"/>
<trkpt lat="50.411285" lon="9.947009"/>
<trkpt lat="50.411224" lon="9.946991"/>
<trkpt lat="50.411164" lon="9.946955"/>
<trkpt lat="50.411108" lon="9.946907"/>
<trkpt lat="50.411065" lon="9.946861"/>
<trkpt lat="50.411026" lon="9.946807"/>
<trkpt lat="50.410990" lon="9.946747"/>
<trkpt lat="50.410927" lon="9.946594"/>
<trkpt lat="50.410904" lon="9.946538"/>
<trkpt lat="50.410878" lon="9.946487"/>
<trkpt lat="50.410849" lon="9.946441"/>
<trkpt lat="50.410807" lon="9.946389"/>
<trkpt lat="50.410761" lon="9.946348"/>
<trkpt lat="50.410696" lon="9.946308"/>
<trkpt lat="50.410628" lon="9.946283"/>
<trkpt lat="50.410559" lon="9.946272"/>
<trkpt lat="50.410489" lon="9.946275"/>
<trkpt lat="50.410421" lon="9.946293"/>
<trkpt lat="50.410361" lon="9.946321"/>
<trkpt lat="50.410305" lon="9.946360"/>
<trkpt lat="50.410117" lon="9.946491"/>
<trkpt lat="50.410045" lon="9.946525"/>
<trkpt lat="50.409971" lon="9.946553"/>
<trkpt lat="50.409896" lon="9.946573"/>
<trkpt lat="50.409823" lon="9.946586"/>
<trkpt lat="50.409750" lon="9.946593"/>
<trkpt lat="50.409676" lon="9.946592"/>
<trkpt lat="50.409270" lon="9.946547"/>
<trkpt lat="50.408908" lon="9.946505"/>
<trkpt lat="50.408710" lon="9.946468"/>
<trkpt lat="50.408493" lon="9.946427"/>
<trkpt lat="50.408169" lon="9.946320"/>
<trkpt lat="50.407823" lon="9.946134"/>
<trkpt lat="50.407550" lon="9.945938"/>
<trkpt lat="50.406991" lon="9.945484"/>
<trkpt lat="50.406885" lon="9.945396"/>
<trkpt lat="50.406562" lon="9.945163"/>
<trkpt lat="50.406308" lon="9.945021"/>
<trkpt lat="50.405995" lon="9.944892"/>
<trkpt lat="50.405536" lon="9.944780"/>
<trkpt lat="50.404618" lon="9.944560"/>
<trkpt lat="50.402469" lon="9.943719"/>
<trkpt lat="50.401903" lon="9.943454"/>
<trkpt lat="50.401297" lon="9.943115"/>
<trkpt lat="50.400475" lon="9.942533"/>
<trkpt lat="50.399448" lon="9.941564"/>
<trkpt lat="50.398453" lon="9.940283"/>
<trkpt lat="50.398247" lon="9.939985"/>
<trkpt lat="50.398040" lon="9.939687"/>
<trkpt lat="50.397627" lon="9.939107"/>
<trkpt lat="50.397432" lon="9.938834"/>
<trkpt lat="50.397244" lon="9.938581"/>
<trkpt lat="50.397016" lon="9.938310"/>
<trkpt lat="50.396867" lon="9.938136"/>
<trkpt lat="50.396759" lon="9.938022"/>
<trkpt lat="50.396643" lon="9.937906"/>
<trkpt lat="50.396499" lon="9.937775"/>
<trkpt lat="50.396325" lon="9.937631"/>
<trkpt lat="50.396162" lon="9.937501"/>
<trkpt lat="50.395865" lon="9.937295"/>
<trkpt lat="50.395657" lon="9.937165"/>
<trkpt lat="50.395500" lon="9.937080"/>
<trkpt lat="50.395250" lon="9.936959"/>
<trkpt lat="50.395141" lon="9.936910"/>
<trkpt lat="50.394982" lon="9.936846"/>
<trkpt lat="50.394815" lon="9.936790"/>
<trkpt lat="50.394006" lon="9.936534"/>
<trkpt lat="50.389649" lon="9.935358"/>
<trkpt lat="50.388793" lon="9.935129"/>
<trkpt lat="50.388602" lon="9.935079"/>
<trkpt lat="50.388395" lon="9.935016"/>
<trkpt lat="50.388175" lon="9.934949"/>
<trkpt lat="50.387975" lon="9.934878"/>
<trkpt lat="50.387736" lon="9.934785"/>
<trkpt lat="50.387413" lon="9.934664"/>
<trkpt lat="50.387142" lon="9.934531"/>
<trkpt lat="50.386961" lon="9.934429"/>
<trkpt lat="50.386759" lon="9.934304"/>
<trkpt lat="50.386446" lon="9.934100"/>
<trkpt lat="50.386214" lon="9.933930"/>
<trkpt lat="50.385841" lon="9.933622"/>
<trkpt lat="50.385564" lon="9.933358"/>
<trkpt lat="50.385311" lon="9.933093"/>
<trkpt lat="50.385068" lon="9.932804"/>
<trkpt lat="50.384730" lon="9.932360"/>
<trkpt lat="50.384400" lon="9.931887"/>
<trkpt lat="50.384078" lon="9.931431"/>
<trkpt lat="50.383794" lon="9.930996"/>
<trkpt lat="50.383500" lon="9.930515"/>
<trkpt lat="50.383337" lon="9.930233"/>
<trkpt lat="50.383244" lon="9.930058"/>
<trkpt lat="50.383138" lon="9.929853"/>
<trkpt lat="50.383061" lon="9.929687"/>
<trkpt lat="50.382992" lon="9.929541"/>
<trkpt lat="50.382900" lon="9.929334"/>
<trkpt lat="50.382804" lon="9.929097"/>
<trkpt lat="50.382730" lon="9.928896"/>
<trkpt lat="50.382666" lon="9.928696"/>
<trkpt lat="50.382603" lon="9.928471"/>
<trkpt lat="50.382515" lon="9.928127"/>
<trkpt lat="50.382471" lon="9.927907"/>
<trkpt lat="50.382433" lon="9.927681"/>
<trkpt lat="50.382400" lon="9.927440"/>
<trkpt lat="50.382361" lon="9.927088"/>
<trkpt lat="50.382328" lon="9.926697"/>
<trkpt lat="50.382303" lon="9.926315"/>
<trkpt lat="50.382274" lon="9.925824"/>
<trkpt lat="50.382245" lon="9.925434"/>
<trkpt lat="50.382218" lon="9.925115"/>
<trkpt lat="50.382189" lon="9.924879"/>
<trkpt lat="50.382154" lon="9.924641"/>
<trkpt lat="50.382112" lon="9.924420"/>
<trkpt lat="50.382058" lon="9.924175"/>
<trkpt lat="50.382000" lon="9.923936"/>
<trkpt lat="50.381947" lon="9.923747"/>
<trkpt lat="50.381884" lon="9.923539"/>
<trkpt lat="50.381801" lon="9.923319"/>
<trkpt lat="50.381714" lon="9.923102"/>
<trkpt lat="50.381617" lon="9.922874"/>
<trkpt lat="50.381509" lon="9.922659"/>
<trkpt lat="50.381374" lon="9.922447"/>
<trkpt lat="50.381229" lon="9.922186"/>
<trkpt lat="50.380991" lon="9.921798"/>
<trkpt lat="50.380745" lon="9.921469"/>
<trkpt lat="50.380322" lon="9.920926"/>
<trkpt lat="50.380244" lon="9.920834"/>
<trkpt lat="50.380050" lon="9.920610"/>
<trkpt lat="50.379952" lon="9.920497"/>
<trkpt lat="50.379761" lon="9.920286"/>
<trkpt lat="50.379359" lon="9.919837"/>
<trkpt lat="50.379132" lon="9.919593"/>
<trkpt lat="50.376343" lon="9.916571"/>
<trkpt lat="50.375932" lon="9.916119"/>
<trkpt lat="50.375678" lon="9.915828"/>
<trkpt lat="50.375502" lon="9.915612"/>
<trkpt lat="50.375348" lon="9.915424"/>
<trkpt lat="50.375220" lon="9.915264"/>
<trkpt lat="50.375028" lon="9.915006"/>
<trkpt lat="50.374843" lon="9.914737"/>
<trkpt lat="50.374664" lon="9.914457"/>
<trkpt lat="50.374492" lon="9.914166"/>
<trkpt lat="50.374327" lon="9.913865"/>
<trkpt lat="50.374170" lon="9.913554"/>
<trkpt lat="50.374021" lon="9.913235"/>
<trkpt lat="50.373833" lon="9.912788"/>
<trkpt lat="50.373635" lon="9.912196"/>
<trkpt lat="50.373463" lon="9.911613"/>
<trkpt lat="50.373335" lon="9.911134"/>
<trkpt lat="50.373214" lon="9.910583"/>
<trkpt lat="50.373117" lon="9.910076"/>
<trkpt lat="50.373013" lon="9.909398"/>
<trkpt lat="50.372970" lon="9.909007"/>
<trkpt lat="50.372934" lon="9.908600"/>
<trkpt lat="50.372891" lon="9.908005"/>
<trkpt lat="50.372862" lon="9.907250"/>
<trkpt lat="50.372834" lon="9.906343"/>
<trkpt lat="50.372813" lon="9.905913"/>
<trkpt lat="50.372779" lon="9.905309"/>
<trkpt lat="50.372756" lon="9.904951"/>
<trkpt lat="50.372731" lon="9.904671"/>
<trkpt lat="50.372708" lon="9.904449"/>
<trkpt lat="50.372680" lon="9.904211"/>
<trkpt lat="50.372640" lon="9.903916"/>
<trkpt lat="50.372604" lon="9.903671"/>
<trkpt lat="50.372552" lon="9.903379"/>
<trkpt lat="50.372505" lon="9.903146"/>
<trkpt lat="50.372463" lon="9.902958"/>
<trkpt lat="50.372418" lon="9.902773"/>
<trkpt lat="50.372363" lon="9.902578"/>
<trkpt lat="50.372304" lon="9.902380"/>
<trkpt lat="50.372249" lon="9.902210"/>
<trkpt lat="50.372158" lon="9.901955"/>
<trkpt lat="50.372067" lon="9.901729"/>
<trkpt lat="50.371957" lon="9.901473"/>
<trkpt lat="50.371855" lon="9.901255"/>
<trkpt lat="50.371760" lon="9.901073"/>
<trkpt lat="50.371674" lon="9.900911"/>
<trkpt lat="50.371574" lon="9.900743"/>
<trkpt lat="50.371479" lon="9.900599"/>
<trkpt lat="50.371340" lon="9.900402"/>
<trkpt lat="50.371173" lon="9.900185"/>
<trkpt lat="50.371052" lon="9.900043"/>
<trkpt lat="50.370805" lon="9.899780"/>
<trkpt lat="50.370617" lon="9.899591"/>
<trkpt lat="50.369603" lon="9.898623"/>
<trkpt lat="50.369091" lon="9.898164"/>
<trkpt lat="50.368533" lon="9.897690"/>
<trkpt lat="50.368044" lon="9.897316"/>
<trkpt lat="50.367732" lon="9.897088"/>
<trkpt lat="50.367571" lon="9.896978"/>
<trkpt lat="50.367413" lon="9.896878"/>
<trkpt lat="50.367287" lon="9.896805"/>
<trkpt lat="50.367162" lon="9.896736"/>
<trkpt lat="50.366963" lon="9.896642"/>
<trkpt lat="50.366544" lon="9.896445"/>
<trkpt lat="50.365976" lon="9.896201"/>
<trkpt lat="50.365433" lon="9.895957"/>
<trkpt lat="50.365227" lon="9.895857"/>
<trkpt lat="50.365048" lon="9.895755"/>
<trkpt lat="50.364886" lon="9.895656"/>
<trkpt lat="50.364704" lon="9.895532"/>
<trkpt lat="50.364500" lon="9.895383"/>
<trkpt lat="50.364282" lon="9.895214"/>
<trkpt lat="50.364115" lon="9.895077"/>
<trkpt lat="50.363936" lon="9.894916"/>
<trkpt lat="50.363804" lon="9.894780"/>
<trkpt lat="50.363621" lon="9.894579"/>
<trkpt lat="50.363489" lon="9.894413"/>
<trkpt lat="50.363345" lon="9.894218"/>
<trkpt lat="50.363232" lon="9.894072"/>
<trkpt lat="50.363081" lon="9.893859"/>
<trkpt lat="50.362922" lon="9.893636"/>
<trkpt lat="50.362832" lon="9.893514"/>
<trkpt lat="50.362690" lon="9.893320"/>
<trkpt lat="50.362575" lon="9.893171"/>
<trkpt lat="50.362476" lon="9.893047"/>
<trkpt lat="50.362385" lon="9.892936"/>
<trkpt lat="50.362268" lon="9.892810"/>
<trkpt lat="50.362119" lon="9.892659"/>
<trkpt lat="50.361960" lon="9.892507"/>
<trkpt lat="50.361377" lon="9.891972"/>
<trkpt lat="50.361245" lon="9.891850"/>
<trkpt lat="50.361103" lon="9.891707"/>
<trkpt lat="50.360996" lon="9.891593"/>
<trkpt lat="50.360876" lon="9.891451"/>
<trkpt lat="50.360772" lon="9.891320"/>
<trkpt lat="50.360645" lon="9.891163"/>
<trkpt lat="50.360506" lon="9.890972"/>
<trkpt lat="50.360392" lon="9.890800"/>
<trkpt lat="50.360311" lon="9.890667"/>
<trkpt lat="50.360214" lon="9.890508"/>
<trkpt lat="50.360017" lon="9.890166"/>
<trkpt lat="50.359804" lon="9.889808"/>
<trkpt lat="50.359600" lon="9.889483"/>
<trkpt lat="50.359458" lon="9.889275"/>
<trkpt lat="50.359333" lon="9.889093"/>
<trkpt lat="50.359168" lon="9.888885"/>
<trkpt lat="50.359008" lon="9.888697"/>
<trkpt lat="50.358857" lon="9.888530"/>
<trkpt lat="50.358727" lon="9.888397"/>
<trkpt lat="50.358594" lon="9.888268"/>
<trkpt lat="50.358458" lon="9.888146"/>
<trkpt lat="50.358343" lon="9.888045"/>
<trkpt lat="50.358219" lon="9.887946"/>
<trkpt lat="50.358072" lon="9.887835"/>
<trkpt lat="50.357910" lon="9.887724"/>
<trkpt lat="50.357785" lon="9.887638"/>
<trkpt lat="50.357649" lon="9.887552"/>
<trkpt lat="50.357433" lon="9.887426"/>
<trkpt lat="50.357033" lon="9.887182"/>
<trkpt lat="50.356571" lon="9.886876"/>
<trkpt lat="50.356210" lon="9.886620"/>
<trkpt lat="50.356007" lon="9.886470"/>
<trkpt lat="50.355549" lon="9.886132"/>
<trkpt lat="50.355305" lon="9.885945"/>
<trkpt lat="50.355228" lon="9.885892"/>
<trkpt lat="50.354959" lon="9.885712"/>
<trkpt lat="50.354661" lon="9.885525"/>
<trkpt lat="50.354313" lon="9.885328"/>
<trkpt lat="50.354081" lon="9.885213"/>
<trkpt lat="50.353870" lon="9.885124"/>
<trkpt lat="50.353679" lon="9.885060"/>
<trkpt lat="50.353517" lon="9.885025"/>
<trkpt lat="50.353373" lon="9.884994"/>
<trkpt lat="50.353217" lon="9.884971"/>
<trkpt lat="50.353078" lon="9.884951"/>
<trkpt lat="50.352902" lon="9.884937"/>
<trkpt lat="50.352678" lon="9.884925"/>
<trkpt lat="50.352513" lon="9.884934"/>
<trkpt lat="50.352366" lon="9.884945"/>
<trkpt lat="50.352217" lon="9.884960"/>
<trkpt lat="50.352060" lon="9.884990"/>
<trkpt lat="50.351909" lon="9.885014"/>
<trkpt lat="50.351732" lon="9.885063"/>
<trkpt lat="50.351500" lon="9.885136"/>
<trkpt lat="50.351314" lon="9.885209"/>
<trkpt lat="50.351179" lon="9.885268"/>
<trkpt lat="50.351020" lon="9.885347"/>
<trkpt lat="50.350843" lon="9.885452"/>
<trkpt lat="50.349560" lon="9.886275"/>
<trkpt lat="50.349356" lon="9.886379"/>
<trkpt lat="50.349157" lon="9.886458"/>
<trkpt lat="50.348744" lon="9.886554"/>
<trkpt lat="50.348508" lon="9.886570"/>
<trkpt lat="50.348316" lon="9.886562"/>
<trkpt lat="50.348124" lon="9.886536"/>
<trkpt lat="50.347892" lon="9.886479"/>
<trkpt lat="50.347670" lon="9.886397"/>
<trkpt lat="50.347425" lon="9.886276"/>
<trkpt lat="50.347184" lon="9.886121"/>
<trkpt lat="50.347044" lon="9.886014"/>
<trkpt lat="50.346920" lon="9.885907"/>
<trkpt lat="50.346797" lon="9.885789"/>
<trkpt lat="50.346676" lon="9.885661"/>
<trkpt lat="50.346607" lon="9.885611"/>
<trkpt lat="50.346079" lon="9.884959"/>
<trkpt lat="50.345783" lon="9.884481"/>
<trkpt lat="50.345431" lon="9.883946"/>
<trkpt lat="50.345276" lon="9.883718"/>
<trkpt lat="50.345114" lon="9.883511"/>
<trkpt lat="50.344867" lon="9.883224"/>
<trkpt lat="50.344654" lon="9.882998"/>
<trkpt lat="50.344564" lon="9.882902"/>
<trkpt lat="50.344272" lon="9.882634"/>
<trkpt lat="50.343920" lon="9.882319"/>
<trkpt lat="50.343202" lon="9.881721"/>
<trkpt lat="50.341162" lon="9.880050"/>
<trkpt lat="50.340594" lon="9.879652"/>
<trkpt lat="50.339990" lon="9.879323"/>
<trkpt lat="50.339498" lon="9.879124"/>
<trkpt lat="50.338735" lon="9.878899"/>
<trkpt lat="50.337635" lon="9.878642"/>
<trkpt lat="50.336973" lon="9.878469"/>
<trkpt lat="50.336278" lon="9.878222"/>
<trkpt lat="50.336037" lon="9.878122"/>
<trkpt lat="50.336000" lon="9.878109"/>
<trkpt lat="50.335921" lon="9.878076"/>
<trkpt lat="50.335596" lon="9.877929"/>
<trkpt lat="50.334778" lon="9.877494"/>
<trkpt lat="50.334588" lon="9.877374"/>
<trkpt lat="50.333998" lon="9.876985"/>
<trkpt lat="50.333326" lon="9.876481"/>
<trkpt lat="50.333035" lon="9.876258"/>
<trkpt lat="50.329757" lon="9.873661"/>
<trkpt lat="50.329422" lon="9.873388"/>
<trkpt lat="50.329170" lon="9.873183"/>
<trkpt lat="50.328796" lon="9.872923"/>
<trkpt lat="50.328285" lon="9.872621"/>
<trkpt lat="50.328114" lon="9.872517"/>
<trkpt lat="50.327675" lon="9.872290"/>
<trkpt lat="50.326748" lon="9.871863"/>
<trkpt lat="50.326655" lon="9.872217"/>
<trkpt lat="50.326596" lon="9.872281"/>
<trkpt lat="50.326510" lon="9.872294"/>
<trkpt lat="50.326405" lon="9.872263"/>
<trkpt lat="50.326256" lon="9.872160"/>
<trkpt lat="50.325936" lon="9.871844"/>
<trkpt lat="50.325778" lon="9.871727"/>
<trkpt lat="50.325497" lon="9.871546"/>
<trkpt lat="50.324721" lon="9.871200"/>
<trkpt lat="50.324556" lon="9.871162"/>
<trkpt lat="50.324497" lon="9.871160"/>
<trkpt lat="50.324433" lon="9.871173"/>
<trkpt lat="50.324342" lon="9.871213"/>
<trkpt lat="50.324277" lon="9.871269"/>
<trkpt lat="50.324171" lon="9.871372"/>
<trkpt lat="50.324040" lon="9.871580"/>
<trkpt lat="50.324025" lon="9.871618"/>
<trkpt lat="50.323965" lon="9.871849"/>
<trkpt lat="50.323939" lon="9.872085"/>
<trkpt lat="50.323948" lon="9.872194"/>
<trkpt lat="50.324045" lon="9.872755"/>
<trkpt lat="50.324103" lon="9.873292"/>
<trkpt lat="50.324226" lon="9.876848"/>
<trkpt lat="50.324232" lon="9.877183"/>
<trkpt lat="50.324270" lon="9.878198"/>
<trkpt lat="50.324249" lon="9.879094"/>
<trkpt lat="50.324157" lon="9.881257"/>
<trkpt lat="50.324149" lon="9.881386"/>
<trkpt lat="50.324124" lon="9.881763"/>
<trkpt lat="50.324098" lon="9.882114"/>
<trkpt lat="50.324041" lon="9.882939"/>
<trkpt lat="50.324032" lon="9.883185"/>
<trkpt lat="50.323947" lon="9.885633"/>
<trkpt lat="50.323924" lon="9.886224"/>
<trkpt lat="50.323900" lon="9.886550"/>
<trkpt lat="50.323856" lon="9.886883"/>
<trkpt lat="50.323794" lon="9.887266"/>
<trkpt lat="50.323729" lon="9.887658"/>
<trkpt lat="50.323625" lon="9.888320"/>
<trkpt lat="50.323581" lon="9.888716"/>
<trkpt lat="50.323555" lon="9.889082"/>
<trkpt lat="50.323537" lon="9.889517"/>
<trkpt lat="50.323455" lon="9.892474"/>
<trkpt lat="50.323438" lon="9.892561"/>
<trkpt lat="50.323403" lon="9.892587"/>
<trkpt lat="50.323371" lon="9.892582"/>
<trkpt lat="50.323333" lon="9.892539"/>
<trkpt lat="50.323284" lon="9.892451"/>
<trkpt lat="50.322539" lon="9.890544"/>
<trkpt lat="50.322304" lon="9.889890"/>
<trkpt lat="50.322068" lon="9.889162"/>
<trkpt lat="50.321956" lon="9.888765"/>
<trkpt lat="50.321835" lon="9.888335"/>
<trkpt lat="50.321730" lon="9.888020"/>
<trkpt lat="50.321633" lon="9.887725"/>
<trkpt lat="50.321573" lon="9.887505"/>
<trkpt lat="50.321515" lon="9.887281"/>
<trkpt lat="50.321470" lon="9.887088"/>
<trkpt lat="50.321429" lon="9.886885"/>
<trkpt lat="50.321381" lon="9.886606"/>
<trkpt lat="50.321342" lon="9.886384"/>
<trkpt lat="50.321292" lon="9.886141"/>
<trkpt lat="50.321241" lon="9.885932"/>
<trkpt lat="50.321190" lon="9.885755"/>
<trkpt lat="50.321115" lon="9.885555"/>
<trkpt lat="50.321056" lon="9.885404"/>
<trkpt lat="50.321004" lon="9.885287"/>
<trkpt lat="50.320933" lon="9.885158"/>
<trkpt lat="50.320874" lon="9.885063"/>
<trkpt lat="50.320856" lon="9.885033"/>
<trkpt lat="50.320775" lon="9.884905"/>
<trkpt lat="50.320678" lon="9.884765"/>
<trkpt lat="50.320579" lon="9.884632"/>
<trkpt lat="50.320467" lon="9.884505"/>
<trkpt lat="50.320307" lon="9.884329"/>
<trkpt lat="50.320197" lon="9.884188"/>
<trkpt lat="50.320144" lon="9.884114"/>
<trkpt lat="50.320112" lon="9.884031"/>
<trkpt lat="50.320085" lon="9.883934"/>
<trkpt lat="50.320074" lon="9.883842"/>
<trkpt lat="50.320062" lon="9.883728"/>
<trkpt lat="50.320047" lon="9.883559"/>
<trkpt lat="50.320035" lon="9.883462"/>
<trkpt lat="50.320013" lon="9.883385"/>
<trkpt lat="50.319987" lon="9.883334"/>
<trkpt lat="50.319962" lon="9.883301"/>
<trkpt lat="50.319930" lon="9.883270"/>
<trkpt lat="50.319894" lon="9.883249"/>
<trkpt lat="50.319854" lon="9.883239"/>
<trkpt lat="50.319818" lon="9.883242"/>
<trkpt lat="50.319779" lon="9.883262"/>
<trkpt lat="50.319744" lon="9.883301"/>
<trkpt lat="50.319711" lon="9.883363"/>
<trkpt lat="50.319683" lon="9.883447"/>
<trkpt lat="50.319659" lon="9.883547"/>
<trkpt lat="50.319635" lon="9.883677"/>
<trkpt lat="50.319621" lon="9.883811"/>
<trkpt lat="50.319611" lon="9.883942"/>
<trkpt lat="50.319600" lon="9.884054"/>
<trkpt lat="50.319571" lon="9.884235"/>
<trkpt lat="50.319530" lon="9.884399"/>
<trkpt lat="50.319476" lon="9.884577"/>
<trkpt lat="50.319409" lon="9.884766"/>
<trkpt lat="50.319326" lon="9.885010"/>
<trkpt lat="50.319269" lon="9.885216"/>
<trkpt lat="50.319217" lon="9.885430"/>
<trkpt lat="50.319175" lon="9.885635"/>
<trkpt lat="50.319128" lon="9.885921"/>
<trkpt lat="50.319102" lon="9.886114"/>
<trkpt lat="50.319082" lon="9.886361"/>
<trkpt lat="50.319072" lon="9.886640"/>
<trkpt lat="50.319073" lon="9.886911"/>
<trkpt lat="50.319083" lon="9.887168"/>
<trkpt lat="50.319095" lon="9.887363"/>
<trkpt lat="50.319121" lon="9.887639"/>
<trkpt lat="50.319139" lon="9.887855"/>
<trkpt lat="50.319147" lon="9.888015"/>
<trkpt lat="50.319142" lon="9.888181"/>
<trkpt lat="50.319120" lon="9.888387"/>
<trkpt lat="50.319094" lon="9.888555"/>
<trkpt lat="50.319059" lon="9.888701"/>
<trkpt lat="50.319018" lon="9.888827"/>
<trkpt lat="50.318966" lon="9.888941"/>
<trkpt lat="50.318863" lon="9.889132"/>
<trkpt lat="50.318755" lon="9.889297"/>
<trkpt lat="50.318601" lon="9.889512"/>
<trkpt lat="50.318538" lon="9.889609"/>
<trkpt lat="50.318477" lon="9.889704"/>
<trkpt lat="50.318414" lon="9.889808"/>
<trkpt lat="50.318363" lon="9.889931"/>
<trkpt lat="50.318335" lon="9.890040"/>
<trkpt lat="50.318302" lon="9.890188"/>
<trkpt lat="50.318269" lon="9.890384"/>
<trkpt lat="50.318232" lon="9.890591"/>
<trkpt lat="50.318197" lon="9.890808"/>
<trkpt lat="50.318157" lon="9.891056"/>
<trkpt lat="50.318125" lon="9.891264"/>
<trkpt lat="50.318099" lon="9.891450"/>
<trkpt lat="50.318078" lon="9.891629"/>
<trkpt lat="50.318063" lon="9.891782"/>
<trkpt lat="50.318052" lon="9.891971"/>
<trkpt lat="50.318046" lon="9.892129"/>
<trkpt lat="50.318044" lon="9.892307"/>
<trkpt lat="50.318044" lon="9.892464"/>
<trkpt lat="50.318048" lon="9.892609"/>
<trkpt lat="50.318040" lon="9.892714"/>
<trkpt lat="50.318013" lon="9.892755"/>
<trkpt lat="50.317968" lon="9.892769"/>
<trkpt lat="50.317924" lon="9.892723"/>
<trkpt lat="50.317889" lon="9.892622"/>
<trkpt lat="50.317835" lon="9.892446"/>
<trkpt lat="50.317758" lon="9.892168"/>
<trkpt lat="50.317676" lon="9.891835"/>
<trkpt lat="50.317611" lon="9.891554"/>
<trkpt lat="50.317587" lon="9.891413"/>
<trkpt lat="50.317569" lon="9.891271"/>
<trkpt lat="50.317552" lon="9.891102"/>
<trkpt lat="50.317544" lon="9.890914"/>
<trkpt lat="50.317546" lon="9.890712"/>
<trkpt lat="50.317562" lon="9.890482"/>
<trkpt lat="50.317587" lon="9.890198"/>
<trkpt lat="50.317624" lon="9.889832"/>
<trkpt lat="50.317673" lon="9.889393"/>
<trkpt lat="50.317693" lon="9.889167"/>
<trkpt lat="50.317707" lon="9.888969"/>
<trkpt lat="50.317713" lon="9.888711"/>
<trkpt lat="50.317704" lon="9.888479"/>
<trkpt lat="50.317688" lon="9.888283"/>
<trkpt lat="50.317660" lon="9.888071"/>
<trkpt lat="50.317613" lon="9.887884"/>
<trkpt lat="50.317545" lon="9.887690"/>
<trkpt lat="50.317475" lon="9.887502"/>
<trkpt lat="50.317430" lon="9.887336"/>
<trkpt lat="50.317416" lon="9.887143"/>
<trkpt lat="50.317390" lon="9.886661"/>
<trkpt lat="50.317379" lon="9.886523"/>
<trkpt lat="50.317353" lon="9.886360"/>
<trkpt lat="50.317326" lon="9.886293"/>
<trkpt lat="50.317288" lon="9.886243"/>
<trkpt lat="50.317210" lon="9.886146"/>
<trkpt lat="50.317054" lon="9.885992"/>
<trkpt lat="50.316970" lon="9.885926"/>
<trkpt lat="50.316906" lon="9.885900"/>
<trkpt lat="50.316776" lon="9.885871"/>
<trkpt lat="50.316631" lon="9.885854"/>
<trkpt lat="50.316496" lon="9.885846"/>
<trkpt lat="50.316362" lon="9.885857"/>
<trkpt lat="50.316107" lon="9.885895"/>
<trkpt lat="50.315979" lon="9.885916"/>
<trkpt lat="50.315842" lon="9.885969"/>
<trkpt lat="50.315644" lon="9.886105"/>
<trkpt lat="50.315574" lon="9.886164"/>
<trkpt lat="50.315477" lon="9.886277"/>
<trkpt lat="50.315365" lon="9.886404"/>
<trkpt lat="50.315281" lon="9.886488"/>
<trkpt lat="50.315163" lon="9.886583"/>
<trkpt lat="50.315043" lon="9.886665"/>
<trkpt lat="50.314896" lon="9.886754"/>
<trkpt lat="50.314768" lon="9.886823"/>
<trkpt lat="50.314548" lon="9.886843"/>
<trkpt lat="50.314469" lon="9.886839"/>
<trkpt lat="50.314381" lon="9.886832"/>
<trkpt lat="50.313989" lon="9.886806"/>
<trkpt lat="50.313918" lon="9.886800"/>
<trkpt lat="50.313880" lon="9.886755"/>
<trkpt lat="50.313851" lon="9.886614"/>
<trkpt lat="50.313808" lon="9.886470"/>
<trkpt lat="50.313696" lon="9.886295"/>
<trkpt lat="50.313618" lon="9.886236"/>
<trkpt lat="50.313566" lon="9.886216"/>
<trkpt lat="50.313523" lon="9.886199"/>
<trkpt lat="50.313491" lon="9.886187"/>
<trkpt lat="50.313401" lon="9.886156"/>
</trkseg></trk>
<trk><name>Etappe 3 Berghaus Rhön–Bad Kissingen</name><trkseg>
<trkpt lat="50.313401" lon="9.886156"/>
<trkpt lat="50.313342" lon="9.886135"/>
<trkpt lat="50.313288" lon="9.886115"/>
<trkpt lat="50.313177" lon="9.886047"/>
<trkpt lat="50.313137" lon="9.886023"/>
<trkpt lat="50.312781" lon="9.885870"/>
<trkpt lat="50.312450" lon="9.885749"/>
<trkpt lat="50.312018" lon="9.885653"/>
<trkpt lat="50.311867" lon="9.885630"/>
<trkpt lat="50.311731" lon="9.885619"/>
<trkpt lat="50.311580" lon="9.885616"/>
<trkpt lat="50.311125" lon="9.885630"/>
<trkpt lat="50.310741" lon="9.885656"/>
<trkpt lat="50.310605" lon="9.885721"/>
<trkpt lat="50.310508" lon="9.885798"/>
<trkpt lat="50.310025" lon="9.886265"/>
<trkpt lat="50.309819" lon="9.886460"/>
<trkpt lat="50.309629" lon="9.886639"/>
<trkpt lat="50.309553" lon="9.886708"/>
<trkpt lat="50.309444" lon="9.886792"/>
<trkpt lat="50.309317" lon="9.886889"/>
<trkpt lat="50.309217" lon="9.886959"/>
<trkpt lat="50.309154" lon="9.886997"/>
<trkpt lat="50.309107" lon="9.887019"/>
<trkpt lat="50.309061" lon="9.887035"/>
<trkpt lat="50.309014" lon="9.887041"/>
<trkpt lat="50.308969" lon="9.887043"/>
<trkpt lat="50.308888" lon="9.887034"/>
<trkpt lat="50.308797" lon="9.887026"/>
<trkpt lat="50.307923" lon="9.886862"/>
<trkpt lat="50.307524" lon="9.886789"/>
<trkpt lat="50.307379" lon="9.886760"/>
<trkpt lat="50.307156" lon="9.886705"/>
<trkpt lat="50.307053" lon="9.886683"/>
<trkpt lat="50.307004" lon="9.886676"/>
<trkpt lat="50.306969" lon="9.886673"/>
<trkpt lat="50.306919" lon="9.886688"/>
<trkpt lat="50.306875" lon="9.886715"/>
<trkpt lat="50.306820" lon="9.886753"/>
<trkpt lat="50.306758" lon="9.886783"/>
<trkpt lat="50.306656" lon="9.886836"/>
<trkpt lat="50.306584" lon="9.886861"/>
<trkpt lat="50.306550" lon="9.886868"/>
<trkpt lat="50.306509" lon="9.886873"/>
<trkpt lat="50.306477" lon="9.886874"/>
<trkpt lat="50.306432" lon="9.886867"/>
<trkpt lat="50.306400" lon="9.886845"/>
<trkpt lat="50.305401" lon="9.885342"/>
<trkpt lat="50.304391" lon="9.883776"/>
<trkpt lat="50.303565" lon="9.882507"/>
<trkpt lat="50.303460" lon="9.882346"/>
<trkpt lat="50.303398" lon="9.882246"/>
<trkpt lat="50.303349" lon="9.882183"/>
<trkpt lat="50.303286" lon="9.882117"/>
<trkpt lat="50.303235" lon="9.882075"/>
<trkpt lat="50.303166" lon="9.882030"/>
<trkpt lat="50.303094" lon="9.881998"/>
<trkpt lat="50.303004" lon="9.881973"/>
<trkpt lat="50.302917" lon="9.881961"/>
<trkpt lat="50.302826" lon="9.881972"/>
<trkpt lat="50.302738" lon="9.882006"/>
<trkpt lat="50.302647" lon="9.882057"/>
<trkpt lat="50.302561" lon="9.882116"/>
<trkpt lat="50.302470" lon="9.882190"/>
<trkpt lat="50.302381" lon="9.882273"/>
<trkpt lat="50.302293" lon="9.882351"/>
<trkpt lat="50.302211" lon="9.882409"/>
<trkpt lat="50.302119" lon="9.882456"/>
<trkpt lat="50.302008" lon="9.882496"/>
<trkpt lat="50.301919" lon="9.882522"/>
<trkpt lat="50.301835" lon="9.882534"/>
<trkpt lat="50.301756" lon="9.882544"/>
<trkpt lat="50.301640" lon="9.882539"/>
<trkpt lat="50.301549" lon="9.882529"/>
<trkpt lat="50.301458" lon="9.882514"/>
<trkpt lat="50.301349" lon="9.882484"/>
<trkpt lat="50.301243" lon="9.882448"/>
<trkpt lat="50.301017" lon="9.882375"/>
<trkpt lat="50.300876" lon="9.882332"/>
<trkpt lat="50.300606" lon="9.882244"/>
<trkpt lat="50.300296" lon="9.882154"/>
<trkpt lat="50.300172" lon="9.882112"/>
<trkpt lat="50.298877" lon="9.881695"/>
<trkpt lat="50.298811" lon="9.881653"/>
<trkpt lat="50.298693" lon="9.881538"/>
<trkpt lat="50.298577" lon="9.881419"/>
<trkpt lat="50.297196" lon="9.879692"/>
<trkpt lat="50.297035" lon="9.879505"/>
<trkpt lat="50.296939" lon="9.879367"/>
<trkpt lat="50.296881" lon="9.879256"/>
<trkpt lat="50.296840" lon="9.879134"/>
<trkpt lat="50.296810" lon="9.878994"/>
<trkpt lat="50.296794" lon="9.878857"/>
<trkpt lat="50.296719" lon="9.877723"/>
<trkpt lat="50.296700" lon="9.877560"/>
<trkpt lat="50.296668" lon="9.877441"/>
<trkpt lat="50.296623" lon="9.877369"/>
<trkpt lat="50.296552" lon="9.877311"/>
<trkpt lat="50.296448" lon="9.877258"/>
<trkpt lat="50.296290" lon="9.877189"/>
<trkpt lat="50.295226" lon="9.876723"/>
<trkpt lat="50.295170" lon="9.876684"/>
<trkpt lat="50.295099" lon="9.876523"/>
<trkpt lat="50.294044" lon="9.874623"/>
<trkpt lat="50.293546" lon="9.873660"/>
<trkpt lat="50.293104" lon="9.872824"/>
<trkpt lat="50.292687" lon="9.872017"/>
<trkpt lat="50.292627" lon="9.871911"/>
<trkpt lat="50.292575" lon="9.871862"/>
<trkpt lat="50.292506" lon="9.871836"/>
<trkpt lat="50.291795" lon="9.871831"/>
<trkpt lat="50.291151" lon="9.871813"/>
<trkpt lat="50.291032" lon="9.871805"/>
<trkpt lat="50.290954" lon="9.871790"/>
<trkpt lat="50.290882" lon="9.871752"/>
<trkpt lat="50.290811" lon="9.871697"/>
<trkpt lat="50.290735" lon="9.871630"/>
<trkpt lat="50.290642" lon="9.871519"/>
<trkpt lat="50.290557" lon="9.871404"/>
<trkpt lat="50.290474" lon="9.871270"/>
<trkpt lat="50.290391" lon="9.871125"/>
<trkpt lat="50.290313" lon="9.870970"/>
<trkpt lat="50.290243" lon="9.870818"/>
<trkpt lat="50.290170" lon="9.870635"/>
<trkpt lat="50.290077" lon="9.870371"/>
<trkpt lat="50.289980" lon="9.870073"/>
<trkpt lat="50.289924" lon="9.869889"/>
<trkpt lat="50.289866" lon="9.869644"/>
<trkpt lat="50.289818" lon="9.869403"/>
<trkpt lat="50.289774" lon="9.869133"/>
<trkpt lat="50.289740" lon="9.868902"/>
<trkpt lat="50.289715" lon="9.868691"/>
<trkpt lat="50.289698" lon="9.868518"/>
<trkpt lat="50.289689" lon="9.868377"/>
<trkpt lat="50.289679" lon="9.868204"/>
<trkpt lat="50.289680" lon="9.868025"/>
<trkpt lat="50.289688" lon="9.867836"/>
<trkpt lat="50.289697" lon="9.867670"/>
<trkpt lat="50.289700" lon="9.867489"/>
<trkpt lat="50.289694" lon="9.867337"/>
<trkpt lat="50.289675" lon="9.867148"/>
<trkpt lat="50.289647" lon="9.866965"/>
<trkpt lat="50.289618" lon="9.866805"/>
<trkpt lat="50.289573" lon="9.866635"/>
<trkpt lat="50.289527" lon="9.866512"/>
<trkpt lat="50.289417" lon="9.866326"/>
<trkpt lat="50.289353" lon="9.866223"/>
<trkpt lat="50.289322" lon="9.866169"/>
<trkpt lat="50.289272" lon="9.866113"/>
<trkpt lat="50.289194" lon="9.866050"/>
<trkpt lat="50.289106" lon="9.866347"/>
<trkpt lat="50.289029" lon="9.866606"/>
<trkpt lat="50.288930" lon="9.866904"/>
<trkpt lat="50.288838" lon="9.867155"/>
<trkpt lat="50.288746" lon="9.867390"/>
<trkpt lat="50.288407" lon="9.868173"/>
<trkpt lat="50.287647" lon="9.869887"/>
<trkpt lat="50.287274" lon="9.870728"/>
<trkpt lat="50.287128" lon="9.871058"/>
<trkpt lat="50.286929" lon="9.871480"/>
<trkpt lat="50.286795" lon="9.871764"/>
<trkpt lat="50.286656" lon="9.872050"/>
<trkpt lat="50.286473" lon="9.872418"/>
<trkpt lat="50.286273" lon="9.872797"/>
<trkpt lat="50.286144" lon="9.873049"/>
<trkpt lat="50.286003" lon="9.873329"/>
<trkpt lat="50.285872" lon="9.873599"/>
<trkpt lat="50.285748" lon="9.873887"/>
<trkpt lat="50.285635" lon="9.874174"/>
<trkpt lat="50.285534" lon="9.874451"/>
<trkpt lat="50.285437" lon="9.874723"/>
<trkpt lat="50.285348" lon="9.875002"/>
<trkpt lat="50.285262" lon="9.875303"/>
<trkpt lat="50.285185" lon="9.875591"/>
<trkpt lat="50.285118" lon="9.875859"/>
<trkpt lat="50.285058" lon="9.876139"/>
<trkpt lat="50.285003" lon="9.876413"/>
<trkpt lat="50.284895" lon="9.876968"/>
<trkpt lat="50.284777" lon="9.877571"/>
<trkpt lat="50.284662" lon="9.878187"/>
<trkpt lat="50.284535" lon="9.878831"/>
<trkpt lat="50.284460" lon="9.879232"/>
<trkpt lat="50.284420" lon="9.879435"/>
<trkpt lat="50.284347" lon="9.879807"/>
<trkpt lat="50.284296" lon="9.880055"/>
<trkpt lat="50.284238" lon="9.880333"/>
<trkpt lat="50.284170" lon="9.880616"/>
<trkpt lat="50.284092" lon="9.880915"/>
<trkpt lat="50.284002" lon="9.881235"/>
<trkpt lat="50.283906" lon="9.881551"/>
<trkpt lat="50.283807" lon="9.881851"/>
<trkpt lat="50.283675" lon="9.882203"/>
<trkpt lat="50.283516" lon="9.882610"/>
<trkpt lat="50.283398" lon="9.882874"/>
<trkpt lat="50.283283" lon="9.883122"/>
<trkpt lat="50.283163" lon="9.883368"/>
<trkpt lat="50.283040" lon="9.883605"/>
<trkpt lat="50.282920" lon="9.883822"/>
<trkpt lat="50.282777" lon="9.884063"/>
<trkpt lat="50.282615" lon="9.884322"/>
<trkpt lat="50.282429" lon="9.884608"/>
<trkpt lat="50.282236" lon="9.884901"/>
<trkpt lat="50.282036" lon="9.885202"/>
<trkpt lat="50.281875" lon="9.885473"/>
<trkpt lat="50.281718" lon="9.885779"/>
<trkpt lat="50.281632" lon="9.885982"/>
<trkpt lat="50.281613" lon="9.886038"/>
<trkpt lat="50.281579" lon="9.886139"/>
<trkpt lat="50.281528" lon="9.886314"/>
<trkpt lat="50.281472" lon="9.886524"/>
<trkpt lat="50.281438" lon="9.886688"/>
<trkpt lat="50.281402" lon="9.886882"/>
<trkpt lat="50.281373" lon="9.887112"/>
<trkpt lat="50.281353" lon="9.887366"/>
<trkpt lat="50.281342" lon="9.887598"/>
<trkpt lat="50.281335" lon="9.887836"/>
<trkpt lat="50.281337" lon="9.888117"/>
<trkpt lat="50.281343" lon="9.888507"/>
<trkpt lat="50.281349" lon="9.888816"/>
<trkpt lat="50.281348" lon="9.889102"/>
<trkpt lat="50.281339" lon="9.889356"/>
<trkpt lat="50.281325" lon="9.889633"/>
<trkpt lat="50.281299" lon="9.889883"/>
<trkpt lat="50.281271" lon="9.890092"/>
<trkpt lat="50.281221" lon="9.890373"/>
<trkpt lat="50.281175" lon="9.890588"/>
<trkpt lat="50.281099" lon="9.890886"/>
<trkpt lat="50.281075" lon="9.890976"/>
<trkpt lat="50.281015" lon="9.891177"/>
<trkpt lat="50.280958" lon="9.891365"/>
<trkpt lat="50.280886" lon="9.891559"/>
<trkpt lat="50.280819" lon="9.891729"/>
<trkpt lat="50.280762" lon="9.891862"/>
<trkpt lat="50.280679" lon="9.892026"/>
<trkpt lat="50.280580" lon="9.892200"/>
<trkpt lat="50.280457" lon="9.892390"/>
<trkpt lat="50.280345" lon="9.892541"/>
<trkpt lat="50.280198" lon="9.892749"/>
<trkpt lat="50.280071" lon="9.892954"/>
<trkpt lat="50.280024" lon="9.893062"/>
<trkpt lat="50.279982" lon="9.893172"/>
<trkpt lat="50.279928" lon="9.893341"/>
<trkpt lat="50.279865" lon="9.893535"/>
<trkpt lat="50.279815" lon="9.893670"/>
<trkpt lat="50.279775" lon="9.893744"/>
<trkpt lat="50.279739" lon="9.893798"/>
<trkpt lat="50.279690" lon="9.893849"/>
<trkpt lat="50.279647" lon="9.893877"/>
<trkpt lat="50.279595" lon="9.893897"/>
<trkpt lat="50.279515" lon="9.893931"/>
<trkpt lat="50.279467" lon="9.893960"/>
<trkpt lat="50.279425" lon="9.894003"/>
<trkpt lat="50.279398" lon="9.894053"/>
<trkpt lat="50.279379" lon="9.894119"/>
<trkpt lat="50.279372" lon="9.894185"/>
<trkpt lat="50.279375" lon="9.894254"/>
<trkpt lat="50.279385" lon="9.894317"/>
<trkpt lat="50.279408" lon="9.894383"/>
<trkpt lat="50.279433" lon="9.894428"/>
<trkpt lat="50.279467" lon="9.894466"/>
<trkpt lat="50.279521" lon="9.894499"/>
<trkpt lat="50.279571" lon="9.894516"/>
<trkpt lat="50.279639" lon="9.894523"/>
<trkpt lat="50.279777" lon="9.894516"/>
<trkpt lat="50.279895" lon="9.894516"/>
<trkpt lat="50.279968" lon="9.894524"/>
<trkpt lat="50.280044" lon="9.894540"/>
<trkpt lat="50.280120" lon="9.894571"/>
<trkpt lat="50.280180" lon="9.894609"/>
<trkpt lat="50.280216" lon="9.894661"/>
<trkpt lat="50.280236" lon="9.894725"/>
<trkpt lat="50.280248" lon="9.894817"/>
<trkpt lat="50.280249" lon="9.894913"/>
<trkpt lat="50.280234" lon="9.895051"/>
<trkpt lat="50.280189" lon="9.895315"/>
<trkpt lat="50.280157" lon="9.895472"/>
<trkpt lat="50.280122" lon="9.895623"/>
<trkpt lat="50.280071" lon="9.895778"/>
<trkpt lat="50.280028" lon="9.895867"/>
<trkpt lat="50.279994" lon="9.895930"/>
<trkpt lat="50.279939" lon="9.895998"/>
<trkpt lat="50.279872" lon="9.896052"/>
<trkpt lat="50.279679" lon="9.896184"/>
<trkpt lat="50.279579" lon="9.896349"/>
<trkpt lat="50.279478" lon="9.896610"/>
<trkpt lat="50.279309" lon="9.896863"/>
<trkpt lat="50.279175" lon="9.896964"/>
<trkpt lat="50.278946" lon="9.897041"/>
<trkpt lat="50.278661" lon="9.897109"/>
<trkpt lat="50.278304" lon="9.897221"/>
<trkpt lat="50.277931" lon="9.897427"/>
<trkpt lat="50.277618" lon="9.897676"/>
<trkpt lat="50.277267" lon="9.898028"/>
<trkpt lat="50.276894" lon="9.898448"/>
<trkpt lat="50.276645" lon="9.898784"/>
<trkpt lat="50.276503" lon="9.899012"/>
<trkpt lat="50.276387" lon="9.899269"/>
<trkpt lat="50.276279" lon="9.899595"/>
<trkpt lat="50.276229" lon="9.899852"/>
<trkpt lat="50.276197" lon="9.900179"/>
<trkpt lat="50.276197" lon="9.900528"/>
<trkpt lat="50.276258" lon="9.901112"/>
<trkpt lat="50.276292" lon="9.901483"/>
<trkpt lat="50.276286" lon="9.901853"/>
<trkpt lat="50.276275" lon="9.902105"/>
<trkpt lat="50.276244" lon="9.902295"/>
<trkpt lat="50.276184" lon="9.902558"/>
<trkpt lat="50.276105" lon="9.902828"/>
<trkpt lat="50.276039" lon="9.903103"/>
<trkpt lat="50.276025" lon="9.903334"/>
<trkpt lat="50.276063" lon="9.903561"/>
<trkpt lat="50.276146" lon="9.903725"/>
<trkpt lat="50.276256" lon="9.903837"/>
<trkpt lat="50.276419" lon="9.903877"/>
<trkpt lat="50.276540" lon="9.903829"/>
<trkpt lat="50.276642" lon="9.903749"/>
<trkpt lat="50.276766" lon="9.903531"/>
<trkpt lat="50.276865" lon="9.903262"/>
<trkpt lat="50.277063" lon="9.902542"/>
<trkpt lat="50.277298" lon="9.901682"/>
<trkpt lat="50.277468" lon="9.901076"/>
<trkpt lat="50.277561" lon="9.900838"/>
<trkpt lat="50.277651" lon="9.900690"/>
<trkpt lat="50.277756" lon="9.900633"/>
<trkpt lat="50.277865" lon="9.900616"/>
<trkpt lat="50.277976" lon="9.900647"/>
<trkpt lat="50.278082" lon="9.900735"/>
<trkpt lat="50.278151" lon="9.900840"/>
<trkpt lat="50.278207" lon="9.901004"/>
<trkpt lat="50.278232" lon="9.901189"/>
<trkpt lat="50.278243" lon="9.901403"/>
<trkpt lat="50.278226" lon="9.901697"/>
<trkpt lat="50.278164" lon="9.902435"/>
<trkpt lat="50.278123" lon="9.903173"/>
<trkpt lat="50.278083" lon="9.904164"/>
<trkpt lat="50.278065" lon="9.904608"/>
<trkpt lat="50.278055" lon="9.904959"/>
<trkpt lat="50.278027" lon="9.905256"/>
<trkpt lat="50.277996" lon="9.905640"/>
<trkpt lat="50.277941" lon="9.906063"/>
<trkpt lat="50.277873" lon="9.906488"/>
<trkpt lat="50.277752" lon="9.906890"/>
<trkpt lat="50.277650" lon="9.907250"/>
<trkpt lat="50.277608" lon="9.907406"/>
<trkpt lat="50.277519" lon="9.907665"/>
<trkpt lat="50.277375" lon="9.907948"/>
<trkpt lat="50.277045" lon="9.908531"/>
<trkpt lat="50.276990" lon="9.908612"/>
<trkpt lat="50.276735" lon="9.908980"/>
<trkpt lat="50.276552" lon="9.909161"/>
<trkpt lat="50.276341" lon="9.909357"/>
<trkpt lat="50.276175" lon="9.909502"/>
<trkpt lat="50.276079" lon="9.909558"/>
<trkpt lat="50.275848" lon="9.909639"/>
<trkpt lat="50.275482" lon="9.909755"/>
<trkpt lat="50.275373" lon="9.909814"/>
<trkpt lat="50.275200" lon="9.909907"/>
<trkpt lat="50.275009" lon="9.910069"/>
<trkpt lat="50.274755" lon="9.910313"/>
<trkpt lat="50.274595" lon="9.910487"/>
<trkpt lat="50.274363" lon="9.910765"/>
<trkpt lat="50.274083" lon="9.911213"/>
<trkpt lat="50.273962" lon="9.911479"/>
<trkpt lat="50.273884" lon="9.911661"/>
<trkpt lat="50.273787" lon="9.911958"/>
<trkpt lat="50.273725" lon="9.912288"/>
<trkpt lat="50.273649" lon="9.912808"/>
<trkpt lat="50.273602" lon="9.913052"/>
<trkpt lat="50.273506" lon="9.913537"/>
<trkpt lat="50.273448" lon="9.913934"/>
<trkpt lat="50.273430" lon="9.914206"/>
<trkpt lat="50.273371" lon="9.915298"/>
<trkpt lat="50.273356" lon="9.915568"/>
<trkpt lat="50.273338" lon="9.915888"/>
<trkpt lat="50.273307" lon="9.916372"/>
<trkpt lat="50.273232" lon="9.917434"/>
<trkpt lat="50.273206" lon="9.917857"/>
<trkpt lat="50.273201" lon="9.918257"/>
<trkpt lat="50.273229" lon="9.918670"/>
<trkpt lat="50.273255" lon="9.918850"/>
<trkpt lat="50.273274" lon="9.918985"/>
<trkpt lat="50.273300" lon="9.919163"/>
<trkpt lat="50.273390" lon="9.919555"/>
<trkpt lat="50.273555" lon="9.920111"/>
<trkpt lat="50.273766" lon="9.920665"/>
<trkpt lat="50.274009" lon="9.921245"/>
<trkpt lat="50.274258" lon="9.921807"/>
<trkpt lat="50.274486" lon="9.922359"/>
<trkpt lat="50.274643" lon="9.922831"/>
<trkpt lat="50.274758" lon="9.923246"/>
<trkpt lat="50.274839" lon="9.923629"/>
<trkpt lat="50.274902" lon="9.924138"/>
<trkpt lat="50.274922" lon="9.924472"/>
<trkpt lat="50.274921" lon="9.924827"/>
<trkpt lat="50.274855" lon="9.925482"/>
<trkpt lat="50.274694" lon="9.926445"/>
<trkpt lat="50.274553" lon="9.927380"/>
<trkpt lat="50.274513" lon="9.927869"/>
<trkpt lat="50.274494" lon="9.928442"/>
<trkpt lat="50.274518" lon="9.929273"/>
<trkpt lat="50.274605" lon="9.930097"/>
<trkpt lat="50.274723" lon="9.930701"/>
<trkpt lat="50.274821" lon="9.931100"/>
<trkpt lat="50.274934" lon="9.931658"/>
<trkpt lat="50.274995" lon="9.932010"/>
<trkpt lat="50.275018" lon="9.932375"/>
<trkpt lat="50.275023" lon="9.932663"/>
<trkpt lat="50.274998" lon="9.933025"/>
<trkpt lat="50.274913" lon="9.933510"/>
<trkpt lat="50.274823" lon="9.933835"/>
<trkpt lat="50.274686" lon="9.934183"/>
<trkpt lat="50.274573" lon="9.934412"/>
<trkpt lat="50.274461" lon="9.934591"/>
<trkpt lat="50.274351" lon="9.934747"/>
<trkpt lat="50.274264" lon="9.934847"/>
<trkpt lat="50.274160" lon="9.934968"/>
<trkpt lat="50.273822" lon="9.935302"/>
<trkpt lat="50.273351" lon="9.935690"/>
<trkpt lat="50.273271" lon="9.935751"/>
<trkpt lat="50.272275" lon="9.936548"/>
<trkpt lat="50.271102" lon="9.937475"/>
<trkpt lat="50.270158" lon="9.938265"/>
<trkpt lat="50.269648" lon="9.938647"/>
<trkpt lat="50.269198" lon="9.939072"/>
<trkpt lat="50.268185" lon="9.940268"/>
<trkpt lat="50.268028" lon="9.940470"/>
<trkpt lat="50.267925" lon="9.940625"/>
<trkpt lat="50.267603" lon="9.941099"/>
<trkpt lat="50.267355" lon="9.941570"/>
<trkpt lat="50.266951" lon="9.942234"/>
<trkpt lat="50.266608" lon="9.942872"/>
<trkpt lat="50.266043" lon="9.943899"/>
<trkpt lat="50.265757" lon="9.944438"/>
<trkpt lat="50.265489" lon="9.944993"/>
<trkpt lat="50.265176" lon="9.945677"/>
<trkpt lat="50.264912" lon="9.946198"/>
<trkpt lat="50.264649" lon="9.946651"/>
<trkpt lat="50.264373" lon="9.947053"/>
<trkpt lat="50.264157" lon="9.947285"/>
<trkpt lat="50.264081" lon="9.947367"/>
<trkpt lat="50.262988" lon="9.948191"/>
<trkpt lat="50.262726" lon="9.948390"/>
<trkpt lat="50.262350" lon="9.948652"/>
<trkpt lat="50.261962" lon="9.948985"/>
<trkpt lat="50.261676" lon="9.949266"/>
<trkpt lat="50.261554" lon="9.949431"/>
<trkpt lat="50.261181" lon="9.949955"/>
<trkpt lat="50.260888" lon="9.950507"/>
<trkpt lat="50.260670" lon="9.951070"/>
<trkpt lat="50.260528" lon="9.951448"/>
<trkpt lat="50.260412" lon="9.951954"/>
<trkpt lat="50.260360" lon="9.952243"/>
<trkpt lat="50.260330" lon="9.952555"/>
<trkpt lat="50.260328" lon="9.952809"/>
<trkpt lat="50.260341" lon="9.953070"/>
<trkpt lat="50.260362" lon="9.953278"/>
<trkpt lat="50.260401" lon="9.953482"/>
<trkpt lat="50.260474" lon="9.953763"/>
<trkpt lat="50.260506" lon="9.953887"/>
<trkpt lat="50.260590" lon="9.954144"/>
<trkpt lat="50.260681" lon="9.954426"/>
<trkpt lat="50.260729" lon="9.954642"/>
<trkpt lat="50.260752" lon="9.954864"/>
<trkpt lat="50.260753" lon="9.955104"/>
<trkpt lat="50.260704" lon="9.955688"/>
<trkpt lat="50.260680" lon="9.955971"/>
<trkpt lat="50.260668" lon="9.956114"/>
<trkpt lat="50.260665" lon="9.956207"/>
<trkpt lat="50.260664" lon="9.956258"/>
<trkpt lat="50.260663" lon="9.956387"/>
<trkpt lat="50.260669" lon="9.956525"/>
<trkpt lat="50.260689" lon="9.956661"/>
<trkpt lat="50.260712" lon="9.956790"/>
<trkpt lat="50.260743" lon="9.956935"/>
<trkpt lat="50.260863" lon="9.957413"/>
<trkpt lat="50.260883" lon="9.957516"/>
<trkpt lat="50.260899" lon="9.957632"/>
<trkpt lat="50.260906" lon="9.957702"/>
<trkpt lat="50.260912" lon="9.957794"/>
<trkpt lat="50.260915" lon="9.958112"/>
<trkpt lat="50.260934" lon="9.958277"/>
<trkpt lat="50.260956" lon="9.958380"/>
<trkpt lat="50.261008" lon="9.958610"/>
<trkpt lat="50.261078" lon="9.958770"/>
<trkpt lat="50.261199" lon="9.959048"/>
<trkpt lat="50.261205" lon="9.959062"/>
<trkpt lat="50.261256" lon="9.959342"/>
<trkpt lat="50.261269" lon="9.959561"/>
<trkpt lat="50.261258" lon="9.959793"/>
<trkpt lat="50.261173" lon="9.960107"/>
<trkpt lat="50.260952" lon="9.960703"/>
<trkpt lat="50.260153" lon="9.962788"/>
<trkpt lat="50.259782" lon="9.963898"/>
<trkpt lat="50.259375" lon="9.965506"/>
<trkpt lat="50.259163" lon="9.966613"/>
<trkpt lat="50.258883" lon="9.967820"/>
<trkpt lat="50.258641" lon="9.968757"/>
<trkpt lat="50.258545" lon="9.969126"/>
<trkpt lat="50.258278" lon="9.970047"/>
<trkpt lat="50.257979" lon="9.970956"/>
<trkpt lat="50.257616" lon="9.971887"/>
<trkpt lat="50.257320" lon="9.972501"/>
<trkpt lat="50.256948" lon="9.973123"/>
<trkpt lat="50.256594" lon="9.973584"/>
<trkpt lat="50.255804" lon="9.974653"/>
<trkpt lat="50.255389" lon="9.975214"/>
<trkpt lat="50.255027" lon="9.975683"/>
<trkpt lat="50.254857" lon="9.975962"/>
<trkpt lat="50.254389" lon="9.976588"/>
<trkpt lat="50.253620" lon="9.977576"/>
<trkpt lat="50.253137" lon="9.978176"/>
<trkpt lat="50.252545" lon="9.978803"/>
<trkpt lat="50.252007" lon="9.979234"/>
<trkpt lat="50.251460" lon="9.979666"/>
<trkpt lat="50.251170" lon="9.979848"/>
<trkpt lat="50.250845" lon="9.980056"/>
<trkpt lat="50.250551" lon="9.980261"/>
<trkpt lat="50.250180" lon="9.980582"/>
<trkpt lat="50.249990" lon="9.980761"/>
<trkpt lat="50.249894" lon="9.980824"/>
<trkpt lat="50.249857" lon="9.980768"/>
<trkpt lat="50.249811" lon="9.980733"/>
<trkpt lat="50.249761" lon="9.980723"/>
<trkpt lat="50.249711" lon="9.980739"/>
<trkpt lat="50.249666" lon="9.980779"/>
<trkpt lat="50.249636" lon="9.980831"/>
<trkpt lat="50.249616" lon="9.980895"/>
<trkpt lat="50.249608" lon="9.980964"/>
<trkpt lat="50.249613" lon="9.981035"/>
<trkpt lat="50.249631" lon="9.981100"/>
<trkpt lat="50.249540" lon="9.981252"/>
<trkpt lat="50.249181" lon="9.981697"/>
<trkpt lat="50.249072" lon="9.981855"/>
<trkpt lat="50.248551" lon="9.982652"/>
<trkpt lat="50.248242" lon="9.983163"/>
<trkpt lat="50.247837" lon="9.983919"/>
<trkpt lat="50.247490" lon="9.984651"/>
<trkpt lat="50.247271" lon="9.985273"/>
<trkpt lat="50.247082" lon="9.985939"/>
<trkpt lat="50.246968" lon="9.986489"/>
<trkpt lat="50.246914" lon="9.987042"/>
<trkpt lat="50.246888" lon="9.987798"/>
<trkpt lat="50.246814" lon="9.989284"/>
<trkpt lat="50.246638" lon="9.990321"/>
<trkpt lat="50.246418" lon="9.991004"/>
<trkpt lat="50.246284" lon="9.991350"/>
<trkpt lat="50.246145" lon="9.991641"/>
<trkpt lat="50.245988" lon="9.991929"/>
<trkpt lat="50.245838" lon="9.992159"/>
<trkpt lat="50.245661" lon="9.992396"/>
<trkpt lat="50.245407" lon="9.992680"/>
<trkpt lat="50.245333" lon="9.992763"/>
<trkpt lat="50.245216" lon="9.992866"/>
<trkpt lat="50.245099" lon="9.992965"/>
<trkpt lat="50.244924" lon="9.993066"/>
<trkpt lat="50.244766" lon="9.993180"/>
<trkpt lat="50.244328" lon="9.993406"/>
<trkpt lat="50.243697" lon="9.993668"/>
<trkpt lat="50.242608" lon="9.994138"/>
<trkpt lat="50.239850" lon="9.995267"/>
<trkpt lat="50.239311" lon="9.995488"/>
<trkpt lat="50.235873" lon="9.997330"/>
<trkpt lat="50.234008" lon="9.998329"/>
<trkpt lat="50.232990" lon="9.998948"/>
<trkpt lat="50.232454" lon="9.999274"/>
<trkpt lat="50.232109" lon="9.999516"/>
<trkpt lat="50.231920" lon="9.999696"/>
<trkpt lat="50.231735" lon="9.999891"/>
<trkpt lat="50.231600" lon="10.000053"/>
<trkpt lat="50.231402" lon="10.000313"/>
<trkpt lat="50.231262" lon="10.000516"/>
<trkpt lat="50.231002" lon="10.000951"/>
<trkpt lat="50.230900" lon="10.001141"/>
<trkpt lat="50.230817" lon="10.001305"/>
<trkpt lat="50.230598" lon="10.001799"/>
<trkpt lat="50.230514" lon="10.002008"/>
<trkpt lat="50.230297" lon="10.002648"/>
<trkpt lat="50.229883" lon="10.004085"/>
<trkpt lat="50.229713" lon="10.004677"/>
<trkpt lat="50.229432" lon="10.005670"/>
<trkpt lat="50.229294" lon="10.006159"/>
<trkpt lat="50.228761" lon="10.008046"/>
<trkpt lat="50.228087" lon="10.009980"/>
<trkpt lat="50.227980" lon="10.010317"/>
<trkpt lat="50.227658" lon="10.011407"/>
<trkpt lat="50.227259" lon="10.012821"/>
<trkpt lat="50.226855" lon="10.014296"/>
<trkpt lat="50.226736" lon="10.014714"/>
<trkpt lat="50.226454" lon="10.015714"/>
<trkpt lat="50.226138" lon="10.016684"/>
<trkpt lat="50.225932" lon="10.017217"/>
<trkpt lat="50.225751" lon="10.017685"/>
<trkpt lat="50.225420" lon="10.018273"/>
<trkpt lat="50.225540" lon="10.018440"/>
<trkpt lat="50.225645" lon="10.018634"/>
<trkpt lat="50.225695" lon="10.018762"/>
<trkpt lat="50.225728" lon="10.018983"/>
<trkpt lat="50.225732" lon="10.019254"/>
<trkpt lat="50.225732" lon="10.019291"/>
<trkpt lat="50.225589" lon="10.020414"/>
<trkpt lat="50.225490" lon="10.020985"/>
<trkpt lat="50.225437" lon="10.021401"/>
<trkpt lat="50.225291" lon="10.022456"/>
<trkpt lat="50.225125" lon="10.023632"/>
<trkpt lat="50.224985" lon="10.024607"/>
<trkpt lat="50.224591" lon="10.027336"/>
<trkpt lat="50.224556" lon="10.027584"/>
<trkpt lat="50.224394" lon="10.028735"/>
<trkpt lat="50.224118" lon="10.030682"/>
<trkpt lat="50.224041" lon="10.031228"/>
<trkpt lat="50.224003" lon="10.031480"/>
<trkpt lat="50.223959" lon="10.031883"/>
<trkpt lat="50.223949" lon="10.032135"/>
<trkpt lat="50.223957" lon="10.032444"/>
<trkpt lat="50.223991" lon="10.032598"/>
<trkpt lat="50.224051" lon="10.032814"/>
<trkpt lat="50.224210" lon="10.033319"/>
<trkpt lat="50.224446" lon="10.034053"/>
<trkpt lat="50.224531" lon="10.034252"/>
<trkpt lat="50.224593" lon="10.034350"/>
<trkpt lat="50.224653" lon="10.034412"/>
<trkpt lat="50.224695" lon="10.034438"/>
<trkpt lat="50.224787" lon="10.034462"/>
<trkpt lat="50.224979" lon="10.034459"/>
<trkpt lat="50.225327" lon="10.034310"/>
<trkpt lat="50.225415" lon="10.034291"/>
<trkpt lat="50.225545" lon="10.034302"/>
<trkpt lat="50.225624" lon="10.034342"/>
<trkpt lat="50.225674" lon="10.034391"/>
<trkpt lat="50.225756" lon="10.034523"/>
<trkpt lat="50.225836" lon="10.034697"/>
<trkpt lat="50.225897" lon="10.034995"/>
<trkpt lat="50.226016" lon="10.035891"/>
<trkpt lat="50.226031" lon="10.035993"/>
<trkpt lat="50.226098" lon="10.036719"/>
<trkpt lat="50.226222" lon="10.038369"/>
<trkpt lat="50.226237" lon="10.038592"/>
<trkpt lat="50.226227" lon="10.038926"/>
<trkpt lat="50.226188" lon="10.039089"/>
<trkpt lat="50.226123" lon="10.039284"/>
<trkpt lat="50.225858" lon="10.039735"/>
<trkpt lat="50.224717" lon="10.041643"/>
<trkpt lat="50.224211" lon="10.042456"/>
<trkpt lat="50.224074" lon="10.042676"/>
<trkpt lat="50.222855" lon="10.044614"/>
<trkpt lat="50.222700" lon="10.044888"/>
<trkpt lat="50.222485" lon="10.045492"/>
<trkpt lat="50.222363" lon="10.045763"/>
<trkpt lat="50.221998" lon="10.046300"/>
<trkpt lat="50.221829" lon="10.046534"/>
<trkpt lat="50.221724" lon="10.046712"/>
<trkpt lat="50.221654" lon="10.046855"/>
<trkpt lat="50.221304" lon="10.047761"/>
<trkpt lat="50.220805" lon="10.049407"/>
<trkpt lat="50.220692" lon="10.049944"/>
<trkpt lat="50.220661" lon="10.050146"/>
<trkpt lat="50.220644" lon="10.050395"/>
<trkpt lat="50.220648" lon="10.050716"/>
<trkpt lat="50.220656" lon="10.050882"/>
<trkpt lat="50.220697" lon="10.051094"/>
<trkpt lat="50.220820" lon="10.051444"/>
<trkpt lat="50.220940" lon="10.051681"/>
<trkpt lat="50.221147" lon="10.052051"/>
<trkpt lat="50.221580" lon="10.052773"/>
<trkpt lat="50.221943" lon="10.053407"/>
<trkpt lat="50.222048" lon="10.053615"/>
<trkpt lat="50.222430" lon="10.054420"/>
<trkpt lat="50.222768" lon="10.055329"/>
<trkpt lat="50.222827" lon="10.055600"/>
<trkpt lat="50.222872" lon="10.055872"/>
<trkpt lat="50.222890" lon="10.056220"/>
<trkpt lat="50.222885" lon="10.056586"/>
<trkpt lat="50.222857" lon="10.056912"/>
<trkpt lat="50.222809" lon="10.057250"/>
<trkpt lat="50.222753" lon="10.057517"/>
<trkpt lat="50.222635" lon="10.057922"/>
<trkpt lat="50.222451" lon="10.058468"/>
<trkpt lat="50.222112" lon="10.059434"/>
<trkpt lat="50.221650" lon="10.060632"/>
<trkpt lat="50.221556" lon="10.060846"/>
<trkpt lat="50.221461" lon="10.061117"/>
<trkpt lat="50.221381" lon="10.061382"/>
<trkpt lat="50.221360" lon="10.061562"/>
<trkpt lat="50.221339" lon="10.061782"/>
<trkpt lat="50.221336" lon="10.062218"/>
<trkpt lat="50.221337" lon="10.062754"/>
<trkpt lat="50.221363" lon="10.063523"/>
<trkpt lat="50.221338" lon="10.063719"/>
<trkpt lat="50.221325" lon="10.063775"/>
<trkpt lat="50.221251" lon="10.063971"/>
<trkpt lat="50.221100" lon="10.064187"/>
<trkpt lat="50.220851" lon="10.064350"/>
<trkpt lat="50.220453" lon="10.064541"/>
<trkpt lat="50.220172" lon="10.064660"/>
<trkpt lat="50.219784" lon="10.064814"/>
<trkpt lat="50.219380" lon="10.064907"/>
<trkpt lat="50.219183" lon="10.064944"/>
<trkpt lat="50.218937" lon="10.065007"/>
<trkpt lat="50.218791" lon="10.065044"/>
<trkpt lat="50.218632" lon="10.065099"/>
<trkpt lat="50.218520" lon="10.065152"/>
<trkpt lat="50.218425" lon="10.065208"/>
<trkpt lat="50.218333" lon="10.065272"/>
<trkpt lat="50.218201" lon="10.065380"/>
<trkpt lat="50.218101" lon="10.065490"/>
<trkpt lat="50.217947" lon="10.065705"/>
<trkpt lat="50.217803" lon="10.066018"/>
<trkpt lat="50.217755" lon="10.066152"/>
<trkpt lat="50.217718" lon="10.066300"/>
<trkpt lat="50.217663" lon="10.066642"/>
<trkpt lat="50.217655" lon="10.066911"/>
<trkpt lat="50.217666" lon="10.067207"/>
<trkpt lat="50.217693" lon="10.067446"/>
<trkpt lat="50.217712" lon="10.067595"/>
<trkpt lat="50.218019" lon="10.069265"/>
<trkpt lat="50.218128" lon="10.069841"/>
<trkpt lat="50.218207" lon="10.070201"/>
<trkpt lat="50.218294" lon="10.070550"/>
<trkpt lat="50.218490" lon="10.071141"/>
<trkpt lat="50.218104" lon="10.071484"/>
<trkpt lat="50.217923" lon="10.071611"/>
<trkpt lat="50.217870" lon="10.071651"/>
<trkpt lat="50.217824" lon="10.071687"/>
<trkpt lat="50.217655" lon="10.071798"/>
<trkpt lat="50.217614" lon="10.071853"/>
<trkpt lat="50.217319" lon="10.072024"/>
<trkpt lat="50.217022" lon="10.072196"/>
<trkpt lat="50.216684" lon="10.072313"/>
<trkpt lat="50.216314" lon="10.072390"/>
<trkpt lat="50.216121" lon="10.072415"/>
<trkpt lat="50.215969" lon="10.072372"/>
<trkpt lat="50.215920" lon="10.072357"/>
<trkpt lat="50.215771" lon="10.072262"/>
<trkpt lat="50.215642" lon="10.072153"/>
<trkpt lat="50.215497" lon="10.072014"/>
<trkpt lat="50.215394" lon="10.071921"/>
<trkpt lat="50.215317" lon="10.071864"/>
<trkpt lat="50.215223" lon="10.071855"/>
<trkpt lat="50.215025" lon="10.071906"/>
<trkpt lat="50.214970" lon="10.071943"/>
<trkpt lat="50.214828" lon="10.072040"/>
<trkpt lat="50.214530" lon="10.072318"/>
<trkpt lat="50.214405" lon="10.072402"/>
<trkpt lat="50.214185" lon="10.072500"/>
<trkpt lat="50.214016" lon="10.072537"/>
<trkpt lat="50.213887" lon="10.072549"/>
<trkpt lat="50.213620" lon="10.072552"/>
<trkpt lat="50.213466" lon="10.072558"/>
<trkpt lat="50.213245" lon="10.072559"/>
<trkpt lat="50.213124" lon="10.072568"/>
<trkpt lat="50.212288" lon="10.072630"/>
<trkpt lat="50.211466" lon="10.072656"/>
<trkpt lat="50.210671" lon="10.072691"/>
<trkpt lat="50.210219" lon="10.072723"/>
<trkpt lat="50.209601" lon="10.072798"/>
<trkpt lat="50.209061" lon="10.072887"/>
<trkpt lat="50.208811" lon="10.072951"/>
<trkpt lat="50.208645" lon="10.072993"/>
<trkpt lat="50.208499" lon="10.073031"/>
<trkpt lat="50.208456" lon="10.073045"/>
<trkpt lat="50.208230" lon="10.073121"/>
<trkpt lat="50.207789" lon="10.073267"/>
<trkpt lat="50.207324" lon="10.073429"/>
<trkpt lat="50.206904" lon="10.073575"/>
<trkpt lat="50.206799" lon="10.073618"/>
<trkpt lat="50.206761" lon="10.073633"/>
<trkpt lat="50.206226" lon="10.073851"/>
<trkpt lat="50.205690" lon="10.074105"/>
<trkpt lat="50.205478" lon="10.074229"/>
<trkpt lat="50.205401" lon="10.074274"/>
<trkpt lat="50.205038" lon="10.074486"/>
<trkpt lat="50.205028" lon="10.074492"/>
<trkpt lat="50.204802" lon="10.074624"/>
<trkpt lat="50.204369" lon="10.074977"/>
<trkpt lat="50.204163" lon="10.075138"/>
<trkpt lat="50.203568" lon="10.075655"/>
<trkpt lat="50.203434" lon="10.075766"/>
<trkpt lat="50.203342" lon="10.075842"/>
<trkpt lat="50.203189" lon="10.075969"/>
<trkpt lat="50.203088" lon="10.076053"/>
<trkpt lat="50.202994" lon="10.076131"/>
<trkpt lat="50.202309" lon="10.076791"/>
<trkpt lat="50.202227" lon="10.076870"/>
<trkpt lat="50.202182" lon="10.076761"/>
<trkpt lat="50.202056" lon="10.076447"/>
<trkpt lat="50.202016" lon="10.076350"/>
<trkpt lat="50.201813" lon="10.075849"/>
<trkpt lat="50.201540" lon="10.075185"/>
<trkpt lat="50.201486" lon="10.075057"/>
<trkpt lat="50.201361" lon="10.074770"/>
<trkpt lat="50.201240" lon="10.074481"/>
<trkpt lat="50.201197" lon="10.074378"/>
<trkpt lat="50.201065" lon="10.074044"/>
</trkseg></trk>
</gpx>